path,selector,standalone,apiPaths
"Frontend_Fintech/src/app/app.component.ts","app-root",false,""
"Frontend_Fintech/src/app/features/acceptance/pages/acceptance-analytics/acceptance-analytics.component.ts","app-acceptance-analytics",true,""
"Frontend_Fintech/src/app/features/activity/pages/activity-timeline/activity-timeline.component.ts","app-activity-timeline",true,""
"Frontend_Fintech/src/app/features/audit/layouts/audit-shell/audit-shell.component.ts","app-audit-shell",true,""
"Frontend_Fintech/src/app/features/audit/pages/api-logs/api-logs.component.ts","app-api-logs",true,""
"Frontend_Fintech/src/app/features/audit/pages/audit-dashboard/audit-dashboard.component.ts","app-audit-dashboard",true,""
"Frontend_Fintech/src/app/features/audit/pages/audit-details/audit-details.component.ts","app-audit-details",true,""
"Frontend_Fintech/src/app/features/audit/pages/audit-timeline/audit-timeline.component.ts","app-audit-timeline",true,""
"Frontend_Fintech/src/app/features/audit/pages/webhook-logs/webhook-logs.component.ts","app-webhook-logs",true,""
"Frontend_Fintech/src/app/features/authentication/components/auth-brand/auth-brand.component.ts","app-auth-brand",true,""
"Frontend_Fintech/src/app/features/authentication/components/auth-layout/auth-layout.component.ts","app-auth-layout",true,""
"Frontend_Fintech/src/app/features/authentication/components/otp-input/otp-input.component.ts","app-otp-input",true,""
"Frontend_Fintech/src/app/features/authentication/components/password-requirements/password-requirements.component.ts","app-password-requirements",true,""
"Frontend_Fintech/src/app/features/authentication/pages/access-denied/access-denied.component.ts","app-access-denied",true,""
"Frontend_Fintech/src/app/features/authentication/pages/active-sessions/active-sessions.component.ts","app-active-sessions",true,""
"Frontend_Fintech/src/app/features/authentication/pages/forgot-password/forgot-password.component.ts","app-forgot-password",true,""
"Frontend_Fintech/src/app/features/authentication/pages/login/login.component.ts","app-login",true,""
"Frontend_Fintech/src/app/features/authentication/pages/reset-password/reset-password.component.ts","app-reset-password",true,""
"Frontend_Fintech/src/app/features/authentication/pages/session-expired/session-expired.component.ts","app-session-expired",true,""
"Frontend_Fintech/src/app/features/authentication/pages/verify-otp/verify-otp.component.ts","app-verify-otp",true,""
"Frontend_Fintech/src/app/features/chargebacks/pages/chargeback-create/chargeback-create.component.ts","app-chargeback-create",true,""
"Frontend_Fintech/src/app/features/chargebacks/pages/chargeback-details/chargeback-details.component.ts","app-chargeback-details",true,""
"Frontend_Fintech/src/app/features/chargebacks/pages/chargeback-list/chargeback-list.component.ts","app-chargeback-list",true,""
"Frontend_Fintech/src/app/features/checkout/components/address-form/address-form.component.ts","app-address-form",true,""
"Frontend_Fintech/src/app/features/checkout/components/checkout-countdown/checkout-countdown.component.ts","app-checkout-countdown",true,""
"Frontend_Fintech/src/app/features/checkout/components/checkout-loading-overlay/checkout-loading-overlay.component.ts","app-checkout-loading-overlay",true,""
"Frontend_Fintech/src/app/features/checkout/components/checkout-shell/checkout-shell.component.ts","app-checkout-shell",true,""
"Frontend_Fintech/src/app/features/checkout/components/checkout-status-screen/checkout-status-screen.component.ts","app-checkout-status-screen",true,""
"Frontend_Fintech/src/app/features/checkout/components/customer-form/customer-form.component.ts","app-customer-form",true,""
"Frontend_Fintech/src/app/features/checkout/components/order-summary/order-summary.component.ts","app-order-summary",true,""
"Frontend_Fintech/src/app/features/checkout/components/payment-method-selector/payment-method-selector.component.ts","app-payment-method-selector",true,""
"Frontend_Fintech/src/app/features/checkout/pages/hosted-checkout/hosted-checkout.component.ts","app-hosted-checkout",true,""
"Frontend_Fintech/src/app/features/checkout-admin/pages/checkout-analytics-dashboard/checkout-analytics-dashboard.component.ts","app-checkout-analytics-dashboard",true,""
"Frontend_Fintech/src/app/features/checkout-admin/pages/checkout-branding-manager/checkout-branding-manager.component.ts","app-checkout-branding-manager",true,""
"Frontend_Fintech/src/app/features/checkout-admin/pages/checkout-session-detail/checkout-session-detail.component.ts","app-checkout-session-detail",true,""
"Frontend_Fintech/src/app/features/checkout-admin/pages/checkout-session-list/checkout-session-list.component.ts","app-checkout-session-list",true,""
"Frontend_Fintech/src/app/features/checkout-admin/pages/checkout-theme-list/checkout-theme-list.component.ts","app-checkout-theme-list",true,""
"Frontend_Fintech/src/app/features/customers/pages/customer-details/customer-details.component.ts","app-customer-details",true,""
"Frontend_Fintech/src/app/features/customers/pages/customer-form/customer-form.component.ts","app-customer-form",true,""
"Frontend_Fintech/src/app/features/customers/pages/customer-list/customer-list.component.ts","app-customer-list",true,""
"Frontend_Fintech/src/app/features/dashboard/components/dashboard-ai-chat-panel/dashboard-ai-chat-panel.component.ts","app-dashboard-ai-chat-panel",true,""
"Frontend_Fintech/src/app/features/dashboard/components/dashboard-ai-drawer/dashboard-ai-drawer.component.ts","app-dashboard-ai-drawer",true,""
"Frontend_Fintech/src/app/features/dashboard/components/dashboard-ai-quick-actions/dashboard-ai-quick-actions.component.ts","app-dashboard-ai-quick-actions",true,""
"Frontend_Fintech/src/app/features/dashboard/components/dashboard-ai-widget/dashboard-ai-widget.component.ts","app-dashboard-ai-widget",true,""
"Frontend_Fintech/src/app/features/dashboard/layouts/dashboard-shell/dashboard-shell.component.ts","app-dashboard-shell",true,""
"Frontend_Fintech/src/app/features/dashboard/layouts/dashboard-sidenav/dashboard-sidenav.component.ts","app-dashboard-sidenav",true,""
"Frontend_Fintech/src/app/features/dashboard/layouts/dashboard-topnav/dashboard-topnav.component.ts","app-dashboard-topnav",true,""
"Frontend_Fintech/src/app/features/dashboard/pages/executive-overview/executive-overview.component.ts","app-executive-overview",true,""
"Frontend_Fintech/src/app/features/developer/pages/developer-dashboard/developer-dashboard.component.ts","app-developer-dashboard",true,""
"Frontend_Fintech/src/app/features/devices/pages/devices-list/devices-list.component.ts","app-devices-list",true,""
"Frontend_Fintech/src/app/features/fraud/pages/fraud-queue/fraud-queue.component.ts","app-fraud-queue",true,""
"Frontend_Fintech/src/app/features/invoices/pages/invoice-create/invoice-create.component.ts","app-invoice-create",true,""
"Frontend_Fintech/src/app/features/invoices/pages/invoice-details/invoice-details.component.ts","app-invoice-details",true,""
"Frontend_Fintech/src/app/features/invoices/pages/invoice-edit/invoice-edit.component.ts","app-invoice-edit",true,""
"Frontend_Fintech/src/app/features/invoices/pages/invoice-list/invoice-list.component.ts","app-invoice-list",true,""
"Frontend_Fintech/src/app/features/merchant/components/merchant-status-dialog/merchant-status-dialog.component.ts","app-merchant-status-dialog",true,""
"Frontend_Fintech/src/app/features/merchant/pages/merchant-details/merchant-details.component.ts","app-merchant-details",true,""
"Frontend_Fintech/src/app/features/merchant/pages/merchant-form/merchant-form.component.ts","app-merchant-form",true,""
"Frontend_Fintech/src/app/features/merchant/pages/merchant-list/merchant-list.component.ts","app-merchant-list",true,""
"Frontend_Fintech/src/app/features/merchant-onboarding/pages/onboarding-dashboard/onboarding-dashboard.component.ts","app-onboarding-dashboard",true,""
"Frontend_Fintech/src/app/features/merchant-onboarding/pages/onboarding-detail/onboarding-detail.component.ts","app-onboarding-detail",true,""
"Frontend_Fintech/src/app/features/merchant-onboarding/pages/onboarding-wizard/onboarding-wizard.component.ts","app-onboarding-wizard",true,""
"Frontend_Fintech/src/app/features/merchant-portal/pages/merchant-payment-portal/merchant-payment-portal.component.ts","app-merchant-payment-portal",true,""
"Frontend_Fintech/src/app/features/merchant-users/pages/merchant-user-list/merchant-user-list.component.ts","app-merchant-user-list",true,""
"Frontend_Fintech/src/app/features/notifications/layouts/notifications-shell/notifications-shell.component.ts","app-notifications-shell",true,""
"Frontend_Fintech/src/app/features/notifications/pages/notification-broadcasts/notification-broadcasts.component.ts","app-notification-broadcasts",true,""
"Frontend_Fintech/src/app/features/notifications/pages/notification-center/notification-center.component.ts","app-notification-center",true,""
"Frontend_Fintech/src/app/features/notifications/pages/notification-details/notification-details.component.ts","app-notification-details",true,""
"Frontend_Fintech/src/app/features/notifications/pages/notification-preferences/notification-preferences.component.ts","app-notification-preferences",true,""
"Frontend_Fintech/src/app/features/notifications/pages/notification-templates/notification-templates.component.ts","app-notification-templates",true,""
"Frontend_Fintech/src/app/features/onboarding-approval/pages/compliance-queue/compliance-queue.component.ts","app-compliance-queue",true,""
"Frontend_Fintech/src/app/features/operations/pages/operations-dashboard/operations-dashboard.component.ts","app-operations-dashboard",true,""
"Frontend_Fintech/src/app/features/organizations/pages/organization-details/organization-details.component.ts","app-organization-details",true,""
"Frontend_Fintech/src/app/features/organizations/pages/organization-form/organization-form.component.ts","app-organization-form",true,""
"Frontend_Fintech/src/app/features/organizations/pages/organization-list/organization-list.component.ts","app-organization-list",true,""
"Frontend_Fintech/src/app/features/organizations/pages/select-organization/select-organization.component.ts","app-select-organization",true,""
"Frontend_Fintech/src/app/features/outlets/pages/outlet-list/outlet-list.component.ts","app-outlet-list",true,""
"Frontend_Fintech/src/app/features/payment-links/pages/payment-link-create/payment-link-create.component.ts","app-payment-link-create",true,""
"Frontend_Fintech/src/app/features/payment-links/pages/payment-link-details/payment-link-details.component.ts","app-payment-link-details",true,""
"Frontend_Fintech/src/app/features/payment-links/pages/payment-link-edit/payment-link-edit.component.ts","app-payment-link-edit",true,""
"Frontend_Fintech/src/app/features/payment-links/pages/payment-link-list/payment-link-list.component.ts","app-payment-link-list",true,""
"Frontend_Fintech/src/app/features/payment-links/pages/public-pay/public-pay.component.ts","app-public-pay",true,""
"Frontend_Fintech/src/app/features/payouts/pages/bank-accounts/bank-accounts.component.ts","app-bank-accounts",true,""
"Frontend_Fintech/src/app/features/payouts/pages/payout-create/payout-create.component.ts","app-payout-create",true,""
"Frontend_Fintech/src/app/features/payouts/pages/payout-details/payout-details.component.ts","app-payout-details",true,""
"Frontend_Fintech/src/app/features/payouts/pages/payout-list/payout-list.component.ts","app-payout-list",true,""
"Frontend_Fintech/src/app/features/qr-payments/pages/public-qr-pay/public-qr-pay.component.ts","app-public-qr-pay",true,""
"Frontend_Fintech/src/app/features/qr-payments/pages/qr-create/qr-create.component.ts","app-qr-create",true,""
"Frontend_Fintech/src/app/features/qr-payments/pages/qr-details/qr-details.component.ts","app-qr-details",true,""
"Frontend_Fintech/src/app/features/qr-payments/pages/qr-list/qr-list.component.ts","app-qr-list",true,""
"Frontend_Fintech/src/app/features/reconciliation/pages/reconciliation-dashboard/reconciliation-dashboard.component.ts","app-reconciliation-dashboard",true,""
"Frontend_Fintech/src/app/features/refunds/pages/refund-details/refund-details.component.ts","app-refund-details",true,""
"Frontend_Fintech/src/app/features/refunds/pages/refund-list/refund-list.component.ts","app-refund-list",true,""
"Frontend_Fintech/src/app/features/refunds/pages/refund-request/refund-request.component.ts","app-refund-request",true,""
"Frontend_Fintech/src/app/features/reports/pages/analytics-dashboard/analytics-dashboard.component.ts","app-analytics-dashboard",true,""
"Frontend_Fintech/src/app/features/reports/pages/report-builder/report-builder.component.ts","app-report-builder",true,""
"Frontend_Fintech/src/app/features/reports/pages/report-center/report-center.component.ts","app-report-center",true,""
"Frontend_Fintech/src/app/features/reports/pages/report-history/report-history.component.ts","app-report-history",true,""
"Frontend_Fintech/src/app/features/reports/pages/reports-dashboard/reports-dashboard.component.ts","app-reports-dashboard",true,""
"Frontend_Fintech/src/app/features/reports/pages/saved-reports/saved-reports.component.ts","app-saved-reports",true,""
"Frontend_Fintech/src/app/features/reports/pages/scheduled-reports/scheduled-reports.component.ts","app-scheduled-reports",true,""
"Frontend_Fintech/src/app/features/risk-rules/pages/risk-rules-list/risk-rules-list.component.ts","app-risk-rules-list",true,""
"Frontend_Fintech/src/app/features/roles/pages/permission-matrix/permission-matrix.component.ts","app-permission-matrix",true,""
"Frontend_Fintech/src/app/features/roles/pages/role-form/role-form.component.ts","app-role-form",true,"code"
"Frontend_Fintech/src/app/features/roles/pages/role-list/role-list.component.ts","app-role-list",true,""
"Frontend_Fintech/src/app/features/sandbox/pages/sandbox-dashboard/sandbox-dashboard.component.ts","app-sandbox-dashboard",true,""
"Frontend_Fintech/src/app/features/settings/layouts/settings-shell/settings-shell.component.ts","app-settings-shell",true,""
"Frontend_Fintech/src/app/features/settings/pages/settings-account/settings-account.component.ts","app-settings-account",true,""
"Frontend_Fintech/src/app/features/settings/pages/settings-api/settings-api.component.ts","app-settings-api",true,""
"Frontend_Fintech/src/app/features/settings/pages/settings-branding/settings-branding.component.ts","app-settings-branding",true,""
"Frontend_Fintech/src/app/features/settings/pages/settings-business/settings-business.component.ts","app-settings-business",true,""
"Frontend_Fintech/src/app/features/settings/pages/settings-configuration/settings-configuration.component.ts","app-settings-configuration",true,""
"Frontend_Fintech/src/app/features/settings/pages/settings-feature-flags/settings-feature-flags.component.ts","app-settings-feature-flags",true,""
"Frontend_Fintech/src/app/features/settings/pages/settings-general/settings-general.component.ts","app-settings-general",true,""
"Frontend_Fintech/src/app/features/settings/pages/settings-notifications/settings-notifications.component.ts","app-settings-notifications",true,""
"Frontend_Fintech/src/app/features/settings/pages/settings-password-policy/settings-password-policy.component.ts","app-settings-password-policy",true,""
"Frontend_Fintech/src/app/features/settings/pages/settings-security/settings-security.component.ts","app-settings-security",true,"mfaMethodsAllowed"
"Frontend_Fintech/src/app/features/settings/pages/settings-session/settings-session.component.ts","app-settings-session",true,""
"Frontend_Fintech/src/app/features/settings/pages/settings-storage/settings-storage.component.ts","app-settings-storage",true,""
"Frontend_Fintech/src/app/features/settings/pages/settings-system-status/settings-system-status.component.ts","app-settings-system-status",true,""
"Frontend_Fintech/src/app/features/settlements/components/reversal-dialog/reversal-dialog.component.ts","app-reversal-dialog",true,""
"Frontend_Fintech/src/app/features/settlements/pages/batch-details/batch-details.component.ts","app-batch-details",true,""
"Frontend_Fintech/src/app/features/settlements/pages/batch-list/batch-list.component.ts","app-batch-list",true,""
"Frontend_Fintech/src/app/features/settlements/pages/settlement-details/settlement-details.component.ts","app-settlement-details",true,""
"Frontend_Fintech/src/app/features/settlements/pages/settlement-list/settlement-list.component.ts","app-settlement-list",true,""
"Frontend_Fintech/src/app/features/smart-collect/pages/smart-collect-dashboard/smart-collect-dashboard.component.ts","app-smart-collect-dashboard",true,""
"Frontend_Fintech/src/app/features/subscriptions/pages/plan-create/plan-create.component.ts","app-plan-create",true,""
"Frontend_Fintech/src/app/features/subscriptions/pages/plan-list/plan-list.component.ts","app-plan-list",true,""
"Frontend_Fintech/src/app/features/subscriptions/pages/subscription-create/subscription-create.component.ts","app-subscription-create",true,""
"Frontend_Fintech/src/app/features/subscriptions/pages/subscription-dashboard/subscription-dashboard.component.ts","app-subscription-dashboard",true,""
"Frontend_Fintech/src/app/features/subscriptions/pages/subscription-details/subscription-details.component.ts","app-subscription-details",true,""
"Frontend_Fintech/src/app/features/support/pages/ticket-create/ticket-create.component.ts","app-ticket-create",true,""
"Frontend_Fintech/src/app/features/support/pages/ticket-details/ticket-details.component.ts","app-ticket-details",true,""
"Frontend_Fintech/src/app/features/support/pages/ticket-edit/ticket-edit.component.ts","app-ticket-edit",true,""
"Frontend_Fintech/src/app/features/support/pages/ticket-list/ticket-list.component.ts","app-ticket-list",true,""
"Frontend_Fintech/src/app/features/transactions/components/dispute-dialog/dispute-dialog.component.ts","app-dispute-dialog",true,""
"Frontend_Fintech/src/app/features/transactions/components/refund-dialog/refund-dialog.component.ts","app-refund-dialog",true,""
"Frontend_Fintech/src/app/features/transactions/pages/transaction-details/transaction-details.component.ts","app-transaction-details",true,""
"Frontend_Fintech/src/app/features/transactions/pages/transaction-list/transaction-list.component.ts","app-transaction-list",true,""
"Frontend_Fintech/src/app/features/users/components/assign-roles-dialog/assign-roles-dialog.component.ts","app-assign-roles-dialog",true,"role_${r.id}"
"Frontend_Fintech/src/app/features/users/pages/user-details/user-details.component.ts","app-user-details",true,""
"Frontend_Fintech/src/app/features/users/pages/user-form/user-form.component.ts","app-user-form",true,"password"
"Frontend_Fintech/src/app/features/users/pages/user-list/user-list.component.ts","app-user-list",true,""
"Frontend_Fintech/src/app/features/webhooks/pages/webhooks-dashboard/webhooks-dashboard.component.ts","app-webhooks-dashboard",true,""
"Frontend_Fintech/src/app/shared/ai/components/ai-assistant/ai-assistant.component.ts","app-ai-assistant",true,""
"Frontend_Fintech/src/app/shared/ai/components/ai-assistant-fab/ai-assistant-fab.component.ts","app-ai-assistant-fab",true,""
"Frontend_Fintech/src/app/shared/ai/components/ai-chat-input/ai-chat-input.component.ts","app-ai-chat-input",true,""
"Frontend_Fintech/src/app/shared/ai/components/ai-chat-panel/ai-chat-panel.component.ts","app-ai-chat-panel",true,""
"Frontend_Fintech/src/app/shared/ai/components/ai-drawer/ai-drawer.component.ts","app-ai-drawer",true,""
"Frontend_Fintech/src/app/shared/ai/components/ai-message-list/ai-message-list.component.ts","app-ai-message-list",true,""
"Frontend_Fintech/src/app/shared/ui/empty-state/empty-state.component.ts","app-empty-state",true,""
"Frontend_Fintech/src/app/shared/ui/icon-button/icon-button.component.ts","app-icon-button",true,""
"Frontend_Fintech/src/app/shared/ui/loading-state/loading-state.component.ts","app-loading-state",true,""