table,repositories,services,workers
"users","Backend_Fintech/src/app/modules/activity/repositories/activity.repository.ts;Backend_Fintech/src/app/modules/auth/repositories/user.repository.ts;Backend_Fintech/src/app/modules/chargebacks/repositories/chargeback.repository.ts;Backend_Fintech/src/app/modules/developer/repositories/developer.repository.ts;Backend_Fintech/src/app/modules/devices/repositories/device.repository.ts;Backend_Fintech/src/app/modules/invoices/repositories/invoice.repository.ts;Backend_Fintech/src/app/modules/merchant-onboarding/repositories/merchant-onboarding.repository.ts;Backend_Fintech/src/app/modules/merchant-users/repositories/merchant-user.repository.ts;Backend_Fintech/src/app/modules/notifications/repositories/notification.repository.ts;Backend_Fintech/src/app/modules/onboarding-approval/repositories/approval.repository.ts;Backend_Fintech/src/app/modules/onboarding-approval/repositories/workflow.repository.ts;Backend_Fintech/src/app/modules/organizations/repositories/organization.repository.ts;Backend_Fintech/src/app/modules/outlets/repositories/outlet.repository.ts;Backend_Fintech/src/app/modules/payment-links/repositories/payment-link.repository.ts;Backend_Fintech/src/app/modules/payments/repositories/payment.repository.ts;Backend_Fintech/src/app/modules/payouts/repositories/payout.repository.ts;Backend_Fintech/src/app/modules/qr-payments/repositories/qr-payment.repository.ts;Backend_Fintech/src/app/modules/refunds/repositories/refund.repository.ts;Backend_Fintech/src/app/modules/reports/repositories/reports.repository.ts;Backend_Fintech/src/app/modules/search/repositories/search.repository.ts;Backend_Fintech/src/app/modules/support/repositories/support.repository.ts;Backend_Fintech/src/app/modules/users/repositories/user.repository.ts","",""
"password_history","Backend_Fintech/src/app/modules/auth/repositories/password-history.repository.ts","",""
"password_reset_tokens","Backend_Fintech/src/app/modules/auth/repositories/password-reset.repository.ts","",""
"trusted_devices","Backend_Fintech/src/app/modules/auth/repositories/trusted-device.repository.ts","",""
"user_sessions","Backend_Fintech/src/app/modules/auth/repositories/session.repository.ts","",""
"refresh_tokens","Backend_Fintech/src/app/modules/auth/repositories/refresh-token.repository.ts","",""
"auth_challenges","Backend_Fintech/src/app/modules/auth/repositories/challenge.repository.ts","",""
"otp_verifications","Backend_Fintech/src/app/modules/auth/repositories/otp.repository.ts","",""
"login_attempts","Backend_Fintech/src/app/modules/auth/repositories/login-attempt.repository.ts","",""
"auth_audit_logs","Backend_Fintech/src/app/modules/auth/repositories/audit.repository.ts","",""
"sso_identities","","",""
"organizations","Backend_Fintech/src/app/modules/customers/repositories/customer.repository.ts;Backend_Fintech/src/app/modules/invoices/repositories/invoice.repository.ts;Backend_Fintech/src/app/modules/merchant-onboarding/repositories/merchant-onboarding.repository.ts;Backend_Fintech/src/app/modules/merchant-users/repositories/merchant-user.repository.ts;Backend_Fintech/src/app/modules/onboarding-approval/repositories/workflow.repository.ts;Backend_Fintech/src/app/modules/organizations/repositories/organization.repository.ts;Backend_Fintech/src/app/modules/outlets/repositories/outlet.repository.ts;Backend_Fintech/src/app/modules/payment-links/repositories/payment-link.repository.ts;Backend_Fintech/src/app/modules/qr-payments/repositories/qr-payment.repository.ts;Backend_Fintech/src/app/modules/support/repositories/support.repository.ts","",""
"organization_addresses","Backend_Fintech/src/app/modules/organizations/repositories/organization.repository.ts","",""
"organization_contacts","Backend_Fintech/src/app/modules/organizations/repositories/organization.repository.ts","",""
"organization_domains","Backend_Fintech/src/app/modules/organizations/repositories/organization.repository.ts","",""
"organization_roles","Backend_Fintech/src/app/modules/merchant-users/repositories/merchant-user.repository.ts;Backend_Fintech/src/app/modules/organizations/repositories/organization.repository.ts","",""
"organization_members","Backend_Fintech/src/app/modules/audit/repositories/audit.repository.ts;Backend_Fintech/src/app/modules/merchant-users/repositories/merchant-user.repository.ts;Backend_Fintech/src/app/modules/organizations/repositories/organization.repository.ts","",""
"organization_preferences","Backend_Fintech/src/app/modules/organizations/repositories/organization.repository.ts","",""
"organization_branding","Backend_Fintech/src/app/modules/organizations/repositories/organization.repository.ts","",""
"organization_api_keys","Backend_Fintech/src/app/modules/developer/repositories/developer.repository.ts;Backend_Fintech/src/app/modules/organizations/repositories/organization.repository.ts","",""
"organization_billing","Backend_Fintech/src/app/modules/organizations/repositories/organization.repository.ts","",""
"regions","Backend_Fintech/src/app/modules/customers/repositories/customer.repository.ts;Backend_Fintech/src/app/modules/dashboard/repositories/dashboard.repository.ts;Backend_Fintech/src/app/modules/merchant/repositories/merchant.repository.ts;Backend_Fintech/src/app/modules/reports/repositories/reports.repository.ts;Backend_Fintech/src/app/modules/transactions/repositories/transaction.repository.ts","",""
"payment_method_types","Backend_Fintech/src/app/modules/dashboard/repositories/dashboard.repository.ts;Backend_Fintech/src/app/modules/payment-config/repositories/payment-config.repository.ts;Backend_Fintech/src/app/modules/payments/repositories/payment.repository.ts;Backend_Fintech/src/app/modules/pricing/repositories/pricing.repository.ts;Backend_Fintech/src/app/modules/reports/repositories/reports.repository.ts;Backend_Fintech/src/app/modules/transactions/repositories/transaction.repository.ts","",""
"transaction_statuses","Backend_Fintech/src/app/modules/customers/repositories/customer.repository.ts;Backend_Fintech/src/app/modules/dashboard/repositories/dashboard.repository.ts;Backend_Fintech/src/app/modules/merchant/repositories/merchant.repository.ts;Backend_Fintech/src/app/modules/operations/repositories/operations.repository.ts;Backend_Fintech/src/app/modules/payment-links/repositories/payment-link.repository.ts;Backend_Fintech/src/app/modules/payments/repositories/payment.repository.ts;Backend_Fintech/src/app/modules/reports/repositories/reports.repository.ts;Backend_Fintech/src/app/modules/transactions/repositories/transaction.repository.ts","",""
"activity_event_types","Backend_Fintech/src/app/modules/dashboard/repositories/dashboard.repository.ts","",""
"fraud_alert_severities","Backend_Fintech/src/app/modules/dashboard/repositories/dashboard.repository.ts","",""
"dashboard_export_formats","Backend_Fintech/src/app/modules/dashboard/repositories/dashboard.repository.ts","",""
"merchants","Backend_Fintech/src/app/modules/acceptance/repositories/acceptance.repository.ts;Backend_Fintech/src/app/modules/ai/repositories/ai-insights.repository.ts;Backend_Fintech/src/app/modules/audit/repositories/audit.repository.ts;Backend_Fintech/src/app/modules/chargebacks/repositories/chargeback.repository.ts;Backend_Fintech/src/app/modules/checkout/repositories/checkout.repository.ts;Backend_Fintech/src/app/modules/customers/repositories/customer.repository.ts;Backend_Fintech/src/app/modules/dashboard/repositories/dashboard.repository.ts;Backend_Fintech/src/app/modules/devices/repositories/device.repository.ts;Backend_Fintech/src/app/modules/fraud/repositories/fraud.repository.ts;Backend_Fintech/src/app/modules/invoices/repositories/invoice.repository.ts;Backend_Fintech/src/app/modules/merchant/repositories/merchant.repository.ts;Backend_Fintech/src/app/modules/merchant-onboarding/repositories/merchant-onboarding.repository.ts;Backend_Fintech/src/app/modules/merchant-users/repositories/merchant-user.repository.ts;Backend_Fintech/src/app/modules/operations/repositories/operations.repository.ts;Backend_Fintech/src/app/modules/outlets/repositories/outlet.repository.ts;Backend_Fintech/src/app/modules/payment-links/repositories/payment-link.repository.ts;Backend_Fintech/src/app/modules/payments/repositories/payment.repository.ts;Backend_Fintech/src/app/modules/payouts/repositories/payout.repository.ts;Backend_Fintech/src/app/modules/qr-payments/repositories/qr-payment.repository.ts;Backend_Fintech/src/app/modules/refunds/repositories/refund.repository.ts;Backend_Fintech/src/app/modules/reports/repositories/report-center.repository.ts;Backend_Fintech/src/app/modules/reports/repositories/reports.repository.ts;Backend_Fintech/src/app/modules/search/repositories/search.repository.ts;Backend_Fintech/src/app/modules/settlements/repositories/settlement.repository.ts;Backend_Fintech/src/app/modules/smart-collect/repositories/smart-collect.repository.ts;Backend_Fintech/src/app/modules/subscriptions/repositories/subscription.repository.ts;Backend_Fintech/src/app/modules/support/repositories/support.repository.ts;Backend_Fintech/src/app/modules/transactions/repositories/transaction.repository.ts;Backend_Fintech/src/app/modules/webhooks/repositories/webhooks.repository.ts","Backend_Fintech/src/app/modules/onboarding-approval/services/go-live-promotion.service.ts;Backend_Fintech/src/app/modules/onboarding-approval/services/status-sync.service.ts",""
"merchant_tags","Backend_Fintech/src/app/modules/merchant/repositories/merchant.repository.ts","",""
"merchant_addresses","Backend_Fintech/src/app/modules/merchant/repositories/merchant.repository.ts;Backend_Fintech/src/app/modules/merchant-onboarding/repositories/merchant-onboarding.repository.ts","Backend_Fintech/src/app/modules/onboarding-approval/services/go-live-promotion.service.ts",""
"merchant_contacts","Backend_Fintech/src/app/modules/merchant/repositories/merchant.repository.ts;Backend_Fintech/src/app/modules/merchant-onboarding/repositories/merchant-onboarding.repository.ts","Backend_Fintech/src/app/modules/onboarding-approval/services/go-live-promotion.service.ts",""
"merchant_documents","Backend_Fintech/src/app/modules/merchant/repositories/merchant.repository.ts","Backend_Fintech/src/app/modules/onboarding-approval/services/go-live-promotion.service.ts",""
"merchant_bank_accounts","Backend_Fintech/src/app/modules/merchant-onboarding/repositories/merchant-onboarding.repository.ts;Backend_Fintech/src/app/modules/payouts/repositories/payout.repository.ts","Backend_Fintech/src/app/modules/onboarding-approval/services/go-live-promotion.service.ts",""
"merchant_settlement_accounts","Backend_Fintech/src/app/modules/merchant-onboarding/repositories/merchant-onboarding.repository.ts","Backend_Fintech/src/app/modules/onboarding-approval/services/go-live-promotion.service.ts",""
"merchant_payment_methods","Backend_Fintech/src/app/modules/merchant-onboarding/repositories/merchant-onboarding.repository.ts","Backend_Fintech/src/app/modules/onboarding-approval/services/go-live-promotion.service.ts",""
"merchant_api_credentials","Backend_Fintech/src/app/modules/merchant/repositories/merchant.repository.ts","",""
"merchant_webhooks","Backend_Fintech/src/app/modules/audit/repositories/audit.repository.ts;Backend_Fintech/src/app/modules/payments/repositories/payment.repository.ts;Backend_Fintech/src/app/modules/webhooks/repositories/webhooks.repository.ts","","Backend_Fintech/src/__tests__/integration/webhooks-workers.integration.test.ts"
"merchant_notes","Backend_Fintech/src/app/modules/merchant/repositories/merchant.repository.ts","",""
"merchant_tag_assignments","Backend_Fintech/src/app/modules/merchant/repositories/merchant.repository.ts","",""
"customers","Backend_Fintech/src/app/modules/chargebacks/repositories/chargeback.repository.ts;Backend_Fintech/src/app/modules/customers/repositories/customer.repository.ts;Backend_Fintech/src/app/modules/invoices/repositories/invoice.repository.ts;Backend_Fintech/src/app/modules/payment-links/repositories/payment-link.repository.ts;Backend_Fintech/src/app/modules/qr-payments/repositories/qr-payment.repository.ts;Backend_Fintech/src/app/modules/refunds/repositories/refund.repository.ts;Backend_Fintech/src/app/modules/reports/repositories/reports.repository.ts;Backend_Fintech/src/app/modules/subscriptions/repositories/subscription.repository.ts;Backend_Fintech/src/app/modules/support/repositories/support.repository.ts","",""
"customer_addresses","Backend_Fintech/src/app/modules/customers/repositories/customer.repository.ts","",""
"customer_merchants","Backend_Fintech/src/app/modules/acceptance/repositories/acceptance.repository.ts;Backend_Fintech/src/app/modules/customers/repositories/customer.repository.ts","",""
"transactions","Backend_Fintech/src/app/modules/ai/repositories/ai-insights.repository.ts;Backend_Fintech/src/app/modules/chargebacks/repositories/chargeback.repository.ts;Backend_Fintech/src/app/modules/customers/repositories/customer.repository.ts;Backend_Fintech/src/app/modules/dashboard/repositories/dashboard.repository.ts;Backend_Fintech/src/app/modules/invoices/repositories/invoice.repository.ts;Backend_Fintech/src/app/modules/merchant/repositories/merchant.repository.ts;Backend_Fintech/src/app/modules/operations/repositories/operations.repository.ts;Backend_Fintech/src/app/modules/payment-links/repositories/payment-link.repository.ts;Backend_Fintech/src/app/modules/payments/repositories/payment.repository.ts;Backend_Fintech/src/app/modules/refunds/repositories/refund.repository.ts;Backend_Fintech/src/app/modules/reports/repositories/report-center.repository.ts;Backend_Fintech/src/app/modules/reports/repositories/reports.repository.ts;Backend_Fintech/src/app/modules/search/repositories/search.repository.ts;Backend_Fintech/src/app/modules/settlements/repositories/settlement.repository.ts;Backend_Fintech/src/app/modules/transactions/repositories/transaction.repository.ts","",""
"transaction_events","Backend_Fintech/src/app/modules/chargebacks/repositories/chargeback.repository.ts;Backend_Fintech/src/app/modules/refunds/repositories/refund.repository.ts;Backend_Fintech/src/app/modules/transactions/repositories/transaction.repository.ts","",""
"transaction_status_history","Backend_Fintech/src/app/modules/transactions/repositories/transaction.repository.ts","",""
"transaction_refunds","Backend_Fintech/src/app/modules/refunds/repositories/refund.repository.ts;Backend_Fintech/src/app/modules/reports/repositories/reports.repository.ts;Backend_Fintech/src/app/modules/transactions/repositories/transaction.repository.ts","",""
"refund_status_history","Backend_Fintech/src/app/modules/refunds/repositories/refund.repository.ts","",""
"transaction_fees","Backend_Fintech/src/app/modules/transactions/repositories/transaction.repository.ts","",""
"transaction_disputes","Backend_Fintech/src/app/modules/chargebacks/repositories/chargeback.repository.ts;Backend_Fintech/src/app/modules/reports/repositories/reports.repository.ts;Backend_Fintech/src/app/modules/transactions/repositories/transaction.repository.ts","",""
"dispute_evidence","Backend_Fintech/src/app/modules/chargebacks/repositories/chargeback.repository.ts","",""
"dispute_status_history","Backend_Fintech/src/app/modules/chargebacks/repositories/chargeback.repository.ts","",""
"transaction_notes","Backend_Fintech/src/app/modules/transactions/repositories/transaction.repository.ts","",""
"transaction_exports","Backend_Fintech/src/app/modules/transactions/repositories/transaction.repository.ts","",""
"transaction_attachments","Backend_Fintech/src/app/modules/transactions/repositories/transaction.repository.ts","",""
"settlement_batches","Backend_Fintech/src/app/modules/settlements/repositories/settlement.repository.ts","",""
"settlements","Backend_Fintech/src/app/modules/activity/repositories/activity.repository.ts;Backend_Fintech/src/app/modules/dashboard/repositories/payment-platform-stats.repository.ts;Backend_Fintech/src/app/modules/merchant/repositories/merchant.repository.ts;Backend_Fintech/src/app/modules/operations/repositories/operations.repository.ts;Backend_Fintech/src/app/modules/payouts/repositories/payout.repository.ts;Backend_Fintech/src/app/modules/reports/repositories/report-center.repository.ts;Backend_Fintech/src/app/modules/reports/repositories/reports.repository.ts;Backend_Fintech/src/app/modules/search/repositories/search.repository.ts;Backend_Fintech/src/app/modules/settlements/repositories/settlement-engine.repository.ts;Backend_Fintech/src/app/modules/settlements/repositories/settlement.repository.ts;Backend_Fintech/src/app/modules/transactions/repositories/transaction.repository.ts","",""
"settlement_transactions","Backend_Fintech/src/app/modules/settlements/repositories/settlement.repository.ts;Backend_Fintech/src/app/modules/transactions/repositories/transaction.repository.ts","",""
"settlement_adjustments","Backend_Fintech/src/app/modules/settlements/repositories/settlement.repository.ts","",""
"settlement_reversals","Backend_Fintech/src/app/modules/settlements/repositories/settlement.repository.ts","",""
"settlement_fees","Backend_Fintech/src/app/modules/settlements/repositories/settlement.repository.ts","",""
"settlement_bank_transfers","Backend_Fintech/src/app/modules/settlements/repositories/settlement.repository.ts","",""
"settlement_status_history","Backend_Fintech/src/app/modules/settlements/repositories/settlement.repository.ts","",""
"settlement_exports","Backend_Fintech/src/app/modules/settlements/repositories/settlement.repository.ts","",""
"settlement_notes","Backend_Fintech/src/app/modules/settlements/repositories/settlement.repository.ts","",""
"payout_batches","","",""
"payouts","Backend_Fintech/src/app/modules/operations/repositories/operations.repository.ts;Backend_Fintech/src/app/modules/payouts/repositories/payout.repository.ts;Backend_Fintech/src/app/modules/reports/repositories/reports.repository.ts","",""
"payout_status_history","Backend_Fintech/src/app/modules/payouts/repositories/payout.repository.ts","",""
"payment_links","Backend_Fintech/src/app/modules/acceptance/repositories/acceptance.repository.ts;Backend_Fintech/src/app/modules/invoices/repositories/invoice.repository.ts;Backend_Fintech/src/app/modules/payment-links/repositories/payment-link.repository.ts;Backend_Fintech/src/app/modules/reports/repositories/reports.repository.ts;Backend_Fintech/src/app/modules/subscriptions/repositories/subscription.repository.ts","",""
"payment_link_transactions","Backend_Fintech/src/app/modules/payment-links/repositories/payment-link.repository.ts;Backend_Fintech/src/app/modules/reports/repositories/reports.repository.ts","",""
"invoices","Backend_Fintech/src/app/modules/invoices/repositories/invoice.repository.ts;Backend_Fintech/src/app/modules/reports/repositories/reports.repository.ts","",""
"invoice_line_items","Backend_Fintech/src/app/modules/invoices/repositories/invoice.repository.ts","",""
"invoice_payments","Backend_Fintech/src/app/modules/invoices/repositories/invoice.repository.ts","",""
"qr_codes","Backend_Fintech/src/app/modules/acceptance/repositories/acceptance.repository.ts;Backend_Fintech/src/app/modules/dashboard/repositories/payment-platform-stats.repository.ts;Backend_Fintech/src/app/modules/qr-payments/repositories/qr-payment.repository.ts;Backend_Fintech/src/app/modules/reports/repositories/reports.repository.ts;Backend_Fintech/src/app/modules/search/repositories/search.repository.ts","",""
"qr_transactions","Backend_Fintech/src/app/modules/qr-payments/repositories/qr-payment.repository.ts;Backend_Fintech/src/app/modules/reports/repositories/reports.repository.ts","",""
"subscription_plans","Backend_Fintech/src/app/modules/reports/repositories/reports.repository.ts;Backend_Fintech/src/app/modules/subscriptions/repositories/subscription.repository.ts","",""
"subscriptions","Backend_Fintech/src/app/modules/reports/repositories/reports.repository.ts;Backend_Fintech/src/app/modules/subscriptions/repositories/subscription.repository.ts","",""
"subscription_invoices","Backend_Fintech/src/app/modules/subscriptions/repositories/subscription.repository.ts","",""
"support_tickets","Backend_Fintech/src/app/modules/operations/repositories/operations.repository.ts;Backend_Fintech/src/app/modules/reports/repositories/reports.repository.ts;Backend_Fintech/src/app/modules/support/repositories/support.repository.ts","",""
"support_ticket_notes","Backend_Fintech/src/app/modules/support/repositories/support.repository.ts","",""
"support_ticket_attachments","Backend_Fintech/src/app/modules/support/repositories/support.repository.ts","",""
"support_ticket_activities","Backend_Fintech/src/app/modules/support/repositories/support.repository.ts","",""
"system_alerts","Backend_Fintech/src/app/modules/operations/repositories/operations.repository.ts","",""
"operations_incidents","Backend_Fintech/src/app/modules/operations/repositories/operations.repository.ts;Backend_Fintech/src/app/modules/reports/repositories/reports.repository.ts","",""
"retry_queue","Backend_Fintech/src/app/modules/operations/repositories/operations.repository.ts","Backend_Fintech/src/app/modules/system/services/health.service.ts","Backend_Fintech/src/app/shared/workers/job-handlers.ts;Backend_Fintech/src/app/shared/workers/worker-runner.ts;Backend_Fintech/src/__tests__/integration/webhooks-workers.integration.test.ts"
"background_jobs","Backend_Fintech/src/app/modules/operations/repositories/operations.repository.ts;Backend_Fintech/src/app/modules/system/repositories/system.repository.ts","Backend_Fintech/src/app/modules/system/services/health.service.ts;Backend_Fintech/src/app/shared/jobs/background-job.service.ts","Backend_Fintech/src/app/shared/workers/job-handlers.ts;Backend_Fintech/src/app/shared/workers/worker-runner.ts;Backend_Fintech/src/__tests__/integration/webhooks-workers.integration.test.ts"
"merchant_onboarding_applications","Backend_Fintech/src/app/modules/activity/repositories/activity.repository.ts;Backend_Fintech/src/app/modules/merchant-onboarding/repositories/merchant-onboarding.repository.ts;Backend_Fintech/src/app/modules/onboarding-approval/repositories/workflow.repository.ts;Backend_Fintech/src/app/modules/operations/repositories/operations.repository.ts;Backend_Fintech/src/app/modules/search/repositories/search.repository.ts","Backend_Fintech/src/app/modules/onboarding-approval/services/status-sync.service.ts",""
"merchant_onboarding_business","Backend_Fintech/src/app/modules/merchant-onboarding/repositories/merchant-onboarding.repository.ts;Backend_Fintech/src/app/modules/onboarding-approval/repositories/workflow.repository.ts","",""
"merchant_onboarding_addresses","Backend_Fintech/src/app/modules/merchant-onboarding/repositories/merchant-onboarding.repository.ts","",""
"merchant_onboarding_kyc_documents","Backend_Fintech/src/app/modules/merchant-onboarding/repositories/merchant-onboarding.repository.ts;Backend_Fintech/src/app/modules/onboarding-approval/repositories/approval.repository.ts;Backend_Fintech/src/app/modules/operations/repositories/operations.repository.ts","",""
"merchant_onboarding_bank_details","Backend_Fintech/src/app/modules/merchant-onboarding/repositories/merchant-onboarding.repository.ts","",""
"merchant_onboarding_settlement_config","Backend_Fintech/src/app/modules/merchant-onboarding/repositories/merchant-onboarding.repository.ts","",""
"merchant_onboarding_payment_config","Backend_Fintech/src/app/modules/merchant-onboarding/repositories/merchant-onboarding.repository.ts","",""
"merchant_onboarding_timeline_events","Backend_Fintech/src/app/modules/merchant-onboarding/repositories/merchant-onboarding.repository.ts","",""
"roles","Backend_Fintech/src/app/modules/merchant-users/repositories/merchant-user.repository.ts;Backend_Fintech/src/app/modules/notifications/repositories/notification.repository.ts;Backend_Fintech/src/app/modules/roles/repositories/role.repository.ts;Backend_Fintech/src/app/modules/users/repositories/user.repository.ts;Backend_Fintech/src/app/shared/rbac/permission.repository.ts","",""
"permissions","Backend_Fintech/src/app/modules/permissions/repositories/permission.repository.ts;Backend_Fintech/src/app/shared/rbac/permission.repository.ts","",""
"role_permissions","Backend_Fintech/src/app/modules/roles/repositories/role.repository.ts;Backend_Fintech/src/app/shared/rbac/permission.repository.ts","",""
"user_roles","Backend_Fintech/src/app/modules/merchant-users/repositories/merchant-user.repository.ts;Backend_Fintech/src/app/modules/notifications/repositories/notification.repository.ts;Backend_Fintech/src/app/modules/roles/repositories/role.repository.ts;Backend_Fintech/src/app/modules/users/repositories/user.repository.ts;Backend_Fintech/src/app/shared/rbac/permission.repository.ts","",""
"user_activity_logs","Backend_Fintech/src/app/modules/users/repositories/user.repository.ts","",""
"login_history","Backend_Fintech/src/app/modules/users/repositories/user.repository.ts","",""
"api_tokens","","",""
"state_region_mapping","","",""
"merchant_code_sequences","","",""
"merchant_roles","Backend_Fintech/src/app/modules/merchant-users/repositories/merchant-user.repository.ts;Backend_Fintech/src/app/shared/rbac/permission.repository.ts","",""
"merchant_role_permissions","Backend_Fintech/src/app/shared/rbac/permission.repository.ts","",""
"merchant_outlets","Backend_Fintech/src/app/modules/devices/repositories/device.repository.ts;Backend_Fintech/src/app/modules/merchant-users/repositories/merchant-user.repository.ts;Backend_Fintech/src/app/modules/outlets/repositories/outlet.repository.ts;Backend_Fintech/src/app/modules/search/repositories/search.repository.ts","Backend_Fintech/src/app/modules/onboarding-approval/services/go-live-promotion.service.ts;Backend_Fintech/src/app/modules/onboarding-approval/services/status-sync.service.ts",""
"merchant_users","Backend_Fintech/src/app/modules/merchant-users/repositories/merchant-user.repository.ts","Backend_Fintech/src/app/modules/onboarding-approval/services/status-sync.service.ts",""
"merchant_user_outlets","Backend_Fintech/src/app/modules/merchant-users/repositories/merchant-user.repository.ts","",""
"onboarding_workflow_stage_definitions","Backend_Fintech/src/app/modules/activity/repositories/activity.repository.ts;Backend_Fintech/src/app/modules/onboarding-approval/repositories/workflow.repository.ts;Backend_Fintech/src/app/modules/operations/repositories/operations.repository.ts","",""
"onboarding_workflow_instances","Backend_Fintech/src/app/modules/onboarding-approval/repositories/workflow.repository.ts;Backend_Fintech/src/app/modules/operations/repositories/operations.repository.ts","",""
"onboarding_workflow_stage_history","Backend_Fintech/src/app/modules/activity/repositories/activity.repository.ts;Backend_Fintech/src/app/modules/onboarding-approval/repositories/workflow.repository.ts","",""
"onboarding_risk_reviews","Backend_Fintech/src/app/modules/onboarding-approval/repositories/approval.repository.ts","",""
"onboarding_kyc_verification_events","Backend_Fintech/src/app/modules/onboarding-approval/repositories/approval.repository.ts","",""
"merchant_tax_profiles","Backend_Fintech/src/app/modules/onboarding-approval/repositories/approval.repository.ts","",""
"merchant_payment_method_config","Backend_Fintech/src/app/modules/payment-config/repositories/payment-config.repository.ts","",""
"payment_devices","Backend_Fintech/src/app/modules/activity/repositories/activity.repository.ts;Backend_Fintech/src/app/modules/dashboard/repositories/payment-platform-stats.repository.ts;Backend_Fintech/src/app/modules/devices/repositories/device.repository.ts;Backend_Fintech/src/app/modules/operations/repositories/operations.repository.ts;Backend_Fintech/src/app/modules/reports/repositories/report-center.repository.ts;Backend_Fintech/src/app/modules/search/repositories/search.repository.ts","",""
"device_sync_logs","Backend_Fintech/src/app/modules/devices/repositories/device.repository.ts;Backend_Fintech/src/app/modules/operations/repositories/operations.repository.ts","",""
"terminal_inventory","Backend_Fintech/src/app/modules/devices/repositories/device.repository.ts","",""
"settlement_calendar","Backend_Fintech/src/app/modules/settlements/repositories/settlement-engine.repository.ts","",""
"settlement_holds","Backend_Fintech/src/app/modules/settlements/repositories/settlement-engine.repository.ts","",""
"settlement_reserves","Backend_Fintech/src/app/modules/settlements/repositories/settlement-engine.repository.ts","",""
"pricing_plans","Backend_Fintech/src/app/modules/pricing/repositories/pricing.repository.ts","",""
"pricing_fee_rules","Backend_Fintech/src/app/modules/pricing/repositories/pricing.repository.ts","",""
"transaction_limit_rules","Backend_Fintech/src/app/modules/payment-config/repositories/payment-config.repository.ts","",""
"risk_rules","Backend_Fintech/src/app/modules/dashboard/repositories/payment-platform-stats.repository.ts;Backend_Fintech/src/app/modules/risk-rules/repositories/risk-rule.repository.ts","",""
"risk_rule_evaluations","Backend_Fintech/src/app/modules/activity/repositories/activity.repository.ts;Backend_Fintech/src/app/modules/risk-rules/repositories/risk-rule.repository.ts","",""
"fraud_cases","Backend_Fintech/src/app/modules/dashboard/repositories/payment-platform-stats.repository.ts;Backend_Fintech/src/app/modules/fraud/repositories/fraud.repository.ts;Backend_Fintech/src/app/modules/reports/repositories/report-center.repository.ts","",""
"ledger_accounts","Backend_Fintech/src/app/modules/accounting/repositories/accounting.repository.ts","",""
"ledger_entries","Backend_Fintech/src/app/modules/accounting/repositories/accounting.repository.ts","",""
"payment_orders","Backend_Fintech/src/app/modules/payments/repositories/payment.repository.ts","",""
"payment_intents","Backend_Fintech/src/app/modules/checkout/repositories/checkout.repository.ts;Backend_Fintech/src/app/modules/payments/repositories/payment.repository.ts","",""
"payment_sessions","Backend_Fintech/src/app/modules/payments/repositories/payment.repository.ts","Backend_Fintech/src/app/modules/payments/services/payment-engine.service.ts",""
"payment_timeline_events","Backend_Fintech/src/app/modules/payments/repositories/payment.repository.ts","",""
"payment_idempotency_keys","Backend_Fintech/src/app/modules/payments/repositories/payment.repository.ts","",""
"customer_payment_methods","Backend_Fintech/src/app/modules/customers/repositories/customer.repository.ts;Backend_Fintech/src/app/modules/payments/repositories/payment.repository.ts","",""
"payment_webhook_deliveries","Backend_Fintech/src/app/modules/payments/repositories/payment.repository.ts","Backend_Fintech/src/app/modules/payments/services/payment-webhook.service.ts;Backend_Fintech/src/app/modules/system/services/health.service.ts",""
"checkout_themes","Backend_Fintech/src/app/modules/checkout/repositories/checkout.repository.ts","",""
"merchant_checkout_branding","Backend_Fintech/src/app/modules/checkout/repositories/checkout.repository.ts","",""
"checkout_sessions","Backend_Fintech/src/app/modules/acceptance/repositories/acceptance.repository.ts;Backend_Fintech/src/app/modules/checkout/repositories/checkout.repository.ts","",""
"checkout_session_events","Backend_Fintech/src/app/modules/checkout/repositories/checkout.repository.ts","",""
"checkout_analytics_daily","Backend_Fintech/src/app/modules/checkout/repositories/checkout.repository.ts","",""
"qr_templates","Backend_Fintech/src/app/modules/qr-payments/repositories/qr-payment.repository.ts","",""
"qr_categories","Backend_Fintech/src/app/modules/qr-payments/repositories/qr-payment.repository.ts","",""
"qr_tags","","",""
"qr_scan_history","Backend_Fintech/src/app/modules/qr-payments/repositories/qr-payment.repository.ts","",""
"payment_link_visits","Backend_Fintech/src/app/modules/payment-links/repositories/payment-link.repository.ts","",""
"payment_link_events","Backend_Fintech/src/app/modules/payment-links/repositories/payment-link.repository.ts","",""
"payment_link_reminders","","",""
"virtual_accounts","Backend_Fintech/src/app/modules/smart-collect/repositories/smart-collect.repository.ts","",""
"collections","Backend_Fintech/src/app/modules/acceptance/repositories/acceptance.repository.ts;Backend_Fintech/src/app/modules/smart-collect/repositories/smart-collect.repository.ts","",""
"collection_events","Backend_Fintech/src/app/modules/smart-collect/repositories/smart-collect.repository.ts","",""
"customer_preferences","Backend_Fintech/src/app/modules/customers/repositories/customer.repository.ts","",""
"merchant_branding_assets","","",""
"acceptance_analytics_daily","Backend_Fintech/src/app/modules/acceptance/repositories/acceptance.repository.ts","",""
"fraud_alerts","Backend_Fintech/src/app/modules/dashboard/repositories/dashboard.repository.ts","",""
"activity_events","Backend_Fintech/src/app/modules/activity/repositories/activity.repository.ts;Backend_Fintech/src/app/modules/dashboard/repositories/dashboard.repository.ts","",""
"dashboard_kpi_snapshots","Backend_Fintech/src/app/modules/dashboard/repositories/dashboard.repository.ts;Backend_Fintech/src/app/modules/reports/repositories/reports.repository.ts","",""
"revenue_time_series","Backend_Fintech/src/app/modules/dashboard/repositories/dashboard.repository.ts;Backend_Fintech/src/app/modules/reports/repositories/reports.repository.ts","",""
"payment_method_distribution","Backend_Fintech/src/app/modules/dashboard/repositories/dashboard.repository.ts;Backend_Fintech/src/app/modules/reports/repositories/reports.repository.ts","",""
"regional_distribution","Backend_Fintech/src/app/modules/dashboard/repositories/dashboard.repository.ts;Backend_Fintech/src/app/modules/reports/repositories/reports.repository.ts","",""
"user_dashboard_preferences","Backend_Fintech/src/app/modules/dashboard/repositories/dashboard.repository.ts","",""
"dashboard_export_jobs","Backend_Fintech/src/app/modules/dashboard/repositories/dashboard.repository.ts","",""
"report_categories","Backend_Fintech/src/app/modules/reports/repositories/reports.repository.ts","",""
"report_templates","Backend_Fintech/src/app/modules/reports/repositories/reports.repository.ts","",""
"reports","Backend_Fintech/src/app/modules/reports/repositories/reports.repository.ts","",""
"saved_reports","","",""
"scheduled_reports","Backend_Fintech/src/app/modules/reports/repositories/reports.repository.ts","",""
"report_exports","Backend_Fintech/src/app/modules/reports/repositories/report-center.repository.ts;Backend_Fintech/src/app/modules/reports/repositories/reports.repository.ts","",""
"report_execution_logs","Backend_Fintech/src/app/modules/reports/repositories/reports.repository.ts","",""
"analytics_metrics","","",""
"analytics_snapshots","Backend_Fintech/src/app/modules/reports/repositories/reports.repository.ts","",""
"analytics_widgets","","",""
"dashboard_preferences","","",""
"organization_settings","Backend_Fintech/src/app/modules/settings/repositories/settings.repository.ts","",""
"branding_settings","Backend_Fintech/src/app/modules/settings/repositories/settings.repository.ts","",""
"security_settings","Backend_Fintech/src/app/modules/settings/repositories/settings.repository.ts","",""
"password_policy","Backend_Fintech/src/app/modules/settings/repositories/settings.repository.ts","",""
"session_settings","Backend_Fintech/src/app/modules/settings/repositories/settings.repository.ts","",""
"notification_preferences","Backend_Fintech/src/app/modules/notifications/repositories/notification.repository.ts;Backend_Fintech/src/app/modules/settings/repositories/settings.repository.ts","",""
"feature_flags","Backend_Fintech/src/app/modules/settings/repositories/settings.repository.ts","",""
"api_settings","Backend_Fintech/src/app/modules/settings/repositories/settings.repository.ts","",""
"smtp_settings","Backend_Fintech/src/app/modules/settings/repositories/settings.repository.ts","Backend_Fintech/src/app/shared/email/email.service.ts",""
"storage_settings","Backend_Fintech/src/app/modules/settings/repositories/settings.repository.ts","",""
"notification_channels","Backend_Fintech/src/app/modules/notifications/repositories/notification.repository.ts","",""
"notification_events","Backend_Fintech/src/app/modules/notifications/repositories/notification.repository.ts","",""
"notification_templates","Backend_Fintech/src/app/modules/notifications/repositories/notification.repository.ts","",""
"notification_groups","Backend_Fintech/src/app/modules/notifications/repositories/notification.repository.ts","",""
"notifications","Backend_Fintech/src/app/modules/activity/repositories/activity.repository.ts;Backend_Fintech/src/app/modules/notifications/repositories/notification.repository.ts","",""
"notification_deliveries","Backend_Fintech/src/app/modules/notifications/repositories/notification.repository.ts","","Backend_Fintech/src/app/shared/workers/job-handlers.ts;Backend_Fintech/src/app/shared/workers/worker-runner.ts"
"audit_categories","Backend_Fintech/src/app/modules/audit/repositories/audit.repository.ts","",""
"audit_actions","Backend_Fintech/src/app/modules/activity/repositories/activity.repository.ts;Backend_Fintech/src/app/modules/audit/repositories/audit.repository.ts","",""
"audit_logs","Backend_Fintech/src/app/modules/activity/repositories/activity.repository.ts;Backend_Fintech/src/app/modules/audit/repositories/audit.repository.ts;Backend_Fintech/src/app/modules/operations/repositories/operations.repository.ts","",""
"audit_metadata","Backend_Fintech/src/app/modules/audit/repositories/audit.repository.ts","",""
"api_logs","Backend_Fintech/src/app/modules/audit/repositories/audit.repository.ts","",""
"webhook_logs","Backend_Fintech/src/app/modules/audit/repositories/audit.repository.ts;Backend_Fintech/src/app/modules/operations/repositories/operations.repository.ts","Backend_Fintech/src/app/modules/payments/services/payment-webhook.service.ts",""
"export_file_registry","Backend_Fintech/src/app/shared/repositories/export-registry.repository.ts","",""
"developer_profiles","Backend_Fintech/src/app/modules/developer/repositories/developer.repository.ts","",""
"oauth_applications","Backend_Fintech/src/app/modules/developer/repositories/developer.repository.ts","",""
"api_usage_logs","Backend_Fintech/src/app/modules/developer/repositories/developer.repository.ts;Backend_Fintech/src/app/modules/system/repositories/system.repository.ts","",""
"webhook_event_subscriptions","Backend_Fintech/src/app/modules/webhooks/repositories/webhooks.repository.ts","",""
"webhook_delivery_queue","Backend_Fintech/src/app/modules/operations/repositories/operations.repository.ts;Backend_Fintech/src/app/modules/webhooks/repositories/webhooks.repository.ts","","Backend_Fintech/src/__tests__/integration/webhooks-workers.integration.test.ts"
"webhook_replay_history","Backend_Fintech/src/app/modules/webhooks/repositories/webhooks.repository.ts","",""
"subscription_mandates","Backend_Fintech/src/app/modules/subscriptions/repositories/subscription.repository.ts","",""
"subscription_dunning_events","Backend_Fintech/src/app/modules/subscriptions/repositories/subscription.repository.ts","",""
"invoice_templates","Backend_Fintech/src/app/modules/invoices/repositories/invoice.repository.ts","",""
"credit_notes","Backend_Fintech/src/app/modules/invoices/repositories/invoice.repository.ts","",""
"debit_notes","Backend_Fintech/src/app/modules/invoices/repositories/invoice.repository.ts","",""
"reconciliation_imports","Backend_Fintech/src/app/modules/reconciliation/repositories/reconciliation.repository.ts","",""
"reconciliation_records","Backend_Fintech/src/app/modules/reconciliation/repositories/reconciliation.repository.ts","",""
"sandbox_accounts","Backend_Fintech/src/app/modules/sandbox/repositories/sandbox.repository.ts","",""
"sandbox_test_cards","Backend_Fintech/src/app/modules/sandbox/repositories/sandbox.repository.ts","",""
"sandbox_simulations","Backend_Fintech/src/app/modules/sandbox/repositories/sandbox.repository.ts","",""
"cache_configurations","Backend_Fintech/src/app/modules/system/repositories/system.repository.ts","Backend_Fintech/src/app/shared/services/cache.service.ts",""
"backup_configurations","Backend_Fintech/src/app/modules/system/repositories/system.repository.ts","",""
"ai_insights_daily","Backend_Fintech/src/app/modules/ai/repositories/ai-insights.repository.ts","",""
"communication_campaigns","Backend_Fintech/src/app/modules/notifications/repositories/notification.repository.ts","",""
"api_rate_limits","Backend_Fintech/src/app/modules/settings/repositories/settings.repository.ts","",""
"email_delivery_log","","Backend_Fintech/src/app/modules/system/services/health.service.ts;Backend_Fintech/src/app/shared/email/email.service.ts",""
"data_retention_policies","","",""
"report_saved_filters","Backend_Fintech/src/app/modules/reports/repositories/report-center.repository.ts","",""
"report_center_catalog","Backend_Fintech/src/app/modules/reports/repositories/report-center.repository.ts","",""
"platform_config","Backend_Fintech/src/app/modules/operations/repositories/operations.repository.ts;Backend_Fintech/src/app/modules/settings/repositories/platform-config.repository.ts","",""
"feature_flag_api_routes","","",""
"background_job_schedules","","Backend_Fintech/src/app/modules/system/services/health.service.ts;Backend_Fintech/src/app/shared/jobs/background-job.service.ts","Backend_Fintech/src/app/shared/workers/job-handlers.ts"