from,to,type
ep:GET:/api/v1/acceptance/analytics,ctrl:analytics,handles
ep:GET:/api/v1/acceptance/top-merchants,ctrl:topMerchants,handles
ep:GET:/api/v1/acceptance/failure-insights,ctrl:failureInsights,handles
ep:GET:/api/v1/acceptance/merchant-portal/:merchantId,ctrl:merchantPortal,handles
ep:GET:/api/v1/accounting/accounts,ctrl:listAccounts,handles
ep:GET:/api/v1/accounting/entries,ctrl:listEntries,handles
ep:GET:/api/v1/accounting/summary,ctrl:summary,handles
ep:GET:/api/v1/accounting/export,ctrl:export,handles
ep:GET:/api/v1/activity/timeline,ctrl:timeline,handles
ep:POST:/api/v1/ai/chat,ctrl:chat,handles
ep:GET:/api/v1/ai/insights/dashboard,ctrl:insightsDashboard,handles
ep:GET:/api/v1/ai/insights/revenue-forecast,ctrl:revenueForecast,handles
ep:GET:/api/v1/ai/insights/settlement-forecast,ctrl:settlementForecast,handles
ep:GET:/api/v1/ai/insights/merchant-health,ctrl:merchantHealth,handles
ep:GET:/api/v1/ai/insights/fraud-prediction,ctrl:fraudPrediction,handles
ep:POST:/api/v1/ai/search,ctrl:nlSearch,handles
ep:GET:/api/v1/audit,ctrl:list,handles
ep:GET:/api/v1/audit/export,ctrl:exportLogs,handles
ep:GET:/api/v1/audit/categories,ctrl:getCategories,handles
ep:GET:/api/v1/audit/actions,ctrl:getActions,handles
ep:GET:/api/v1/audit/api-logs,ctrl:listApiLogs,handles
ep:GET:/api/v1/audit/webhook-logs,ctrl:listWebhookLogs,handles
ep:GET:/api/v1/audit/:id,ctrl:getById,handles
ep:POST:/login,ctrl:login,handles
ep:POST:/verify-otp,ctrl:verifyOtp,handles
ep:POST:/resend-otp,ctrl:resendOtp,handles
ep:POST:/forgot-password,ctrl:forgotPassword,handles
ep:POST:/reset-password,ctrl:resetPassword,handles
ep:POST:/refresh-token,ctrl:refreshToken,handles
ep:POST:/select-organization,ctrl:selectOrganization,handles
ep:POST:/logout,ctrl:logout,handles
ep:GET:/me,ctrl:me,handles
ep:GET:/sessions,ctrl:getSessions,handles
ep:DELETE:/sessions/others,ctrl:revokeOtherSessions,handles
ep:DELETE:/session/:id,ctrl:revokeSession,handles
ep:POST:/change-password,ctrl:changePassword,handles
ep:PUT:/mfa-preferences,ctrl:updateMfaPreferences,handles
ep:GET:/session-settings,ctrl:getSessionSettings,handles
ep:GET:/api/v1/chargebacks/statistics,ctrl:statistics,handles
ep:GET:/api/v1/chargebacks/sla-dashboard,ctrl:slaDashboard,handles
ep:GET:/api/v1/chargebacks/analytics,ctrl:analytics,handles
ep:GET:/api/v1/chargebacks,ctrl:list,handles
ep:POST:/api/v1/chargebacks,ctrl:create,handles
ep:GET:/api/v1/chargebacks/:id/history,ctrl:history,handles
ep:GET:/api/v1/chargebacks/:id/evidence,ctrl:evidence,handles
ep:POST:/api/v1/chargebacks/:id/evidence,ctrl:addEvidence,handles
ep:POST:/api/v1/chargebacks/:id/representment,ctrl:representment,handles
ep:POST:/api/v1/chargebacks/:id/arbitration,ctrl:arbitration,handles
ep:POST:/api/v1/chargebacks/:id/resolve,ctrl:resolve,handles
ep:GET:/api/v1/chargebacks/:id,ctrl:getById,handles
ep:GET:/api/v1/public/checkout/themes,ctrl:listThemes,handles
ep:GET:/api/v1/public/checkout/analytics,ctrl:analytics,handles
ep:GET:/api/v1/public/checkout/sessions,ctrl:list,handles
ep:POST:/api/v1/public/checkout/sessions,ctrl:create,handles
ep:GET:/api/v1/public/checkout/sessions/:id,ctrl:getById,handles
ep:GET:/api/v1/public/checkout/branding/:merchantId,ctrl:getBranding,handles
ep:PUT:/api/v1/public/checkout/branding/:merchantId,ctrl:updateBranding,handles
ep:GET:/api/v1/customers/search,ctrl:search,handles
ep:GET:/api/v1/customers/statistics,ctrl:statistics,handles
ep:GET:/api/v1/customers,ctrl:list,handles
ep:POST:/api/v1/customers,ctrl:create,handles
ep:GET:/api/v1/customers/:id,ctrl:getById,handles
ep:PUT:/api/v1/customers/:id,ctrl:update,handles
ep:PATCH:/api/v1/customers/:id/status,ctrl:updateStatus,handles
ep:DELETE:/api/v1/customers/:id,ctrl:remove,handles
ep:GET:/api/v1/customers/:id/transactions,ctrl:transactions,handles
ep:GET:/api/v1/customers/:id/merchants,ctrl:merchants,handles
ep:GET:/api/v1/customers/:id/preferences,ctrl:preferences,handles
ep:PUT:/api/v1/customers/:id/preferences,ctrl:updatePreferences,handles
ep:GET:/api/v1/customers/:id/payment-methods,ctrl:paymentMethods,handles
ep:GET:/api/v1/customers/:id/timeline,ctrl:timeline,handles
ep:GET:/api/v1/dashboard/executive/summary,ctrl:summary,handles
ep:GET:/api/v1/dashboard/executive/charts/revenue,ctrl:revenueChart,handles
ep:GET:/api/v1/dashboard/executive/charts/payment-methods,ctrl:paymentMethods,handles
ep:GET:/api/v1/dashboard/executive/charts/regional-distribution,ctrl:regionalDistribution,handles
ep:GET:/api/v1/dashboard/executive/transactions/high-value,ctrl:highValueTransactions,handles
ep:GET:/api/v1/dashboard/executive/activities,ctrl:activities,handles
ep:GET:/api/v1/dashboard/executive/fraud-alerts,ctrl:fraudAlerts,handles
ep:GET:/api/v1/dashboard/executive/onboarding-stats,ctrl:onboardingStats,handles
ep:GET:/api/v1/dashboard/executive/payment-platform-stats,ctrl:paymentPlatformStats,handles
ep:GET:/api/v1/dashboard/executive/operations-stats,ctrl:operationsStats,handles
ep:POST:/api/v1/dashboard/executive/export,ctrl:exportReport,handles
ep:GET:/api/v1/dashboard/executive/preferences,ctrl:getPreferences,handles
ep:PUT:/api/v1/dashboard/executive/preferences,ctrl:updatePreferences,handles
ep:POST:/api/v1/dashboard/executive/ai/chat,ctrl:aiChat,handles
ep:GET:/api/v1/developer/dashboard,ctrl:dashboard,handles
ep:GET:/api/v1/developer/profiles,ctrl:listProfiles,handles
ep:POST:/api/v1/developer/profiles,ctrl:createProfile,handles
ep:GET:/api/v1/developer/profiles/:id,ctrl:getProfile,handles
ep:PUT:/api/v1/developer/profiles/:id,ctrl:updateProfile,handles
ep:DELETE:/api/v1/developer/profiles/:id,ctrl:deleteProfile,handles
ep:GET:/api/v1/developer/oauth-apps,ctrl:listOAuthApps,handles
ep:POST:/api/v1/developer/oauth-apps,ctrl:createOAuthApp,handles
ep:GET:/api/v1/developer/oauth-apps/:id,ctrl:getOAuthApp,handles
ep:PUT:/api/v1/developer/oauth-apps/:id,ctrl:updateOAuthApp,handles
ep:POST:/api/v1/developer/oauth-apps/:id/revoke,ctrl:revokeOAuthApp,handles
ep:GET:/api/v1/developer/api-usage,ctrl:listApiUsageLogs,handles
ep:GET:/api/v1/developer/api-keys,ctrl:listApiKeys,handles
ep:GET:/api/v1/devices/inventory,ctrl:inventory,handles
ep:GET:/api/v1/devices,ctrl:list,handles
ep:POST:/api/v1/devices,ctrl:provision,handles
ep:GET:/api/v1/devices/:id,ctrl:getById,handles
ep:POST:/api/v1/devices/:id/activate,ctrl:activate,handles
ep:POST:/api/v1/devices/:id/deactivate,ctrl:deactivate,handles
ep:POST:/api/v1/devices/:id/transfer,ctrl:transfer,handles
ep:POST:/api/v1/devices/:id/replace,ctrl:replace,handles
ep:POST:/api/v1/devices/:id/sync,ctrl:sync,handles
ep:GET:/api/v1/exports/:fileId,ctrl:download,handles
ep:GET:/api/v1/fraud,ctrl:list,handles
ep:GET:/api/v1/fraud/:id,ctrl:getById,handles
ep:POST:/api/v1/fraud/:id/approve,ctrl:approve,handles
ep:POST:/api/v1/fraud/:id/reject,ctrl:reject,handles
ep:POST:/api/v1/fraud/:id/release,ctrl:release,handles
ep:GET:/api/v1/invoices/statistics,ctrl:statistics,handles
ep:GET:/api/v1/invoices/analytics,ctrl:analytics,handles
ep:GET:/api/v1/invoices/templates,ctrl:listTemplates,handles
ep:POST:/api/v1/invoices/templates,ctrl:createTemplate,handles
ep:GET:/api/v1/invoices/templates/:id,ctrl:getTemplate,handles
ep:PUT:/api/v1/invoices/templates/:id,ctrl:updateTemplate,handles
ep:DELETE:/api/v1/invoices/templates/:id,ctrl:deleteTemplate,handles
ep:GET:/api/v1/invoices/credit-notes,ctrl:listCreditNotes,handles
ep:POST:/api/v1/invoices/credit-notes,ctrl:createCreditNote,handles
ep:GET:/api/v1/invoices/debit-notes,ctrl:listDebitNotes,handles
ep:POST:/api/v1/invoices/debit-notes,ctrl:createDebitNote,handles
ep:GET:/api/v1/invoices,ctrl:list,handles
ep:POST:/api/v1/invoices,ctrl:create,handles
ep:GET:/api/v1/invoices/:id/pdf,ctrl:downloadPdf,handles
ep:GET:/api/v1/invoices/:id/pdf/metadata,ctrl:pdfMetadata,handles
ep:POST:/api/v1/invoices/:id/duplicate,ctrl:duplicate,handles
ep:POST:/api/v1/invoices/:id/void,ctrl:voidInvoice,handles
ep:POST:/api/v1/invoices/:id/cancel,ctrl:cancel,handles
ep:POST:/api/v1/invoices/:id/send,ctrl:markSent,handles
ep:POST:/api/v1/invoices/:id/mark-viewed,ctrl:markViewed,handles
ep:POST:/api/v1/invoices/:id/mark-overdue,ctrl:markOverdue,handles
ep:POST:/api/v1/invoices/:id/mark-paid,ctrl:markPaid,handles
ep:POST:/api/v1/invoices/:id/email,ctrl:email,handles
ep:POST:/api/v1/invoices/:id/payment-link,ctrl:generatePaymentLink,handles
ep:POST:/api/v1/invoices/:id/payment-link/regenerate,ctrl:regeneratePaymentLink,handles
ep:POST:/api/v1/invoices/:id/payment-link/disable,ctrl:disablePaymentLink,handles
ep:GET:/api/v1/invoices/:id,ctrl:getById,handles
ep:PUT:/api/v1/invoices/:id,ctrl:update,handles
ep:GET:/api/v1/merchants/search,ctrl:search,handles
ep:GET:/api/v1/merchants/statistics,ctrl:statistics,handles
ep:GET:/api/v1/merchants,ctrl:list,handles
ep:POST:/api/v1/merchants,ctrl:create,handles
ep:GET:/api/v1/merchants/:id,ctrl:getById,handles
ep:PUT:/api/v1/merchants/:id,ctrl:update,handles
ep:PATCH:/api/v1/merchants/:id/status,ctrl:updateStatus,handles
ep:DELETE:/api/v1/merchants/:id,ctrl:remove,handles
ep:GET:/api/v1/merchants/:id/transactions,ctrl:transactions,handles
ep:GET:/api/v1/merchants/:id/settlements,ctrl:settlements,handles
ep:GET:/api/v1/merchants/:id/documents,ctrl:documents,handles
ep:POST:/api/v1/merchants/:id/documents,ctrl:createDocument,handles
ep:DELETE:/api/v1/merchants/:id/documents/:documentId,ctrl:deleteDocument,handles
ep:GET:/api/v1/merchant-onboarding/statistics,ctrl:statistics,handles
ep:GET:/api/v1/merchant-onboarding,ctrl:list,handles
ep:POST:/api/v1/merchant-onboarding,ctrl:create,handles
ep:GET:/api/v1/merchant-onboarding/:id,ctrl:getById,handles
ep:GET:/api/v1/merchant-onboarding/:id/timeline,ctrl:timeline,handles
ep:PUT:/api/v1/merchant-onboarding/:id/business,ctrl:saveBusiness,handles
ep:PUT:/api/v1/merchant-onboarding/:id/addresses,ctrl:saveAddresses,handles
ep:PUT:/api/v1/merchant-onboarding/:id/kyc,ctrl:saveKyc,handles
ep:PUT:/api/v1/merchant-onboarding/:id/bank,ctrl:saveBank,handles
ep:PUT:/api/v1/merchant-onboarding/:id/settlement,ctrl:saveSettlement,handles
ep:PUT:/api/v1/merchant-onboarding/:id/payment,ctrl:savePayment,handles
ep:POST:/api/v1/merchant-onboarding/:id/submit,ctrl:submit,handles
ep:POST:/api/v1/merchant-onboarding/:id/approve,ctrl:approve,handles
ep:POST:/api/v1/merchant-onboarding/:id/reject,ctrl:reject,handles
ep:POST:/api/v1/merchant-onboarding/:id/go-live,ctrl:goLive,handles
ep:POST:/api/v1/merchant-onboarding/:id/suspend,ctrl:suspend,handles
ep:GET:/api/v1/merchant-users/me,ctrl:me,handles
ep:GET:/api/v1/merchant-users/roles,ctrl:listRoles,handles
ep:GET:/api/v1/merchant-users,ctrl:list,handles
ep:POST:/api/v1/merchant-users,ctrl:create,handles
ep:POST:/api/v1/merchant-users/invite,ctrl:invite,handles
ep:GET:/api/v1/merchant-users/:id,ctrl:getById,handles
ep:PUT:/api/v1/merchant-users/:id,ctrl:update,handles
ep:POST:/api/v1/merchant-users/:id/activate,ctrl:activate,handles
ep:POST:/api/v1/merchant-users/:id/deactivate,ctrl:deactivate,handles
ep:PUT:/api/v1/merchant-users/:id/role,ctrl:assignRole,handles
ep:PUT:/api/v1/merchant-users/:id/outlets,ctrl:assignOutlets,handles
ep:POST:/api/v1/merchant-users/:id/reset-password,ctrl:resetPassword,handles
ep:GET:/api/v1/notifications,ctrl:list,handles
ep:GET:/api/v1/notifications/unread-count,ctrl:unreadCount,handles
ep:PATCH:/api/v1/notifications/read-all,ctrl:markAllRead,handles
ep:PATCH:/api/v1/notifications/archive-all,ctrl:archiveAll,handles
ep:GET:/api/v1/notifications/templates,ctrl:listTemplates,handles
ep:POST:/api/v1/notifications/templates,ctrl:createTemplate,handles
ep:GET:/api/v1/notifications/templates/:id,ctrl:getTemplate,handles
ep:PUT:/api/v1/notifications/templates/:id,ctrl:updateTemplate,handles
ep:DELETE:/api/v1/notifications/templates/:id,ctrl:deleteTemplate,handles
ep:GET:/api/v1/notifications/broadcasts,ctrl:listBroadcasts,handles
ep:POST:/api/v1/notifications/broadcasts,ctrl:createBroadcast,handles
ep:GET:/api/v1/notifications/campaigns,ctrl:listCampaigns,handles
ep:POST:/api/v1/notifications/campaigns,ctrl:createCampaign,handles
ep:GET:/api/v1/notifications/campaigns/:id,ctrl:getCampaign,handles
ep:PUT:/api/v1/notifications/campaigns/:id,ctrl:updateCampaign,handles
ep:DELETE:/api/v1/notifications/campaigns/:id,ctrl:deleteCampaign,handles
ep:GET:/api/v1/notifications/templates/:id/variables,ctrl:getTemplateVariables,handles
ep:GET:/api/v1/notifications/channels,ctrl:getChannels,handles
ep:GET:/api/v1/notifications/events,ctrl:getEvents,handles
ep:GET:/api/v1/notifications/groups,ctrl:getGroups,handles
ep:GET:/api/v1/notifications/:id,ctrl:getById,handles
ep:PATCH:/api/v1/notifications/:id/read,ctrl:markRead,handles
ep:PATCH:/api/v1/notifications/:id/archive,ctrl:archive,handles
ep:DELETE:/api/v1/notifications/:id,ctrl:remove,handles
ep:GET:/api/v1/onboarding-approval/stages,ctrl:stages,handles
ep:GET:/api/v1/onboarding-approval/dashboard-stats,ctrl:dashboardStats,handles
ep:GET:/api/v1/onboarding-approval/compliance-queue,ctrl:complianceQueue,handles
ep:POST:/api/v1/onboarding-approval/compliance-queue/bulk-assign,ctrl:bulkAssign,handles
ep:GET:/api/v1/onboarding-approval/:applicationId/workflow,ctrl:getWorkflow,handles
ep:POST:/api/v1/onboarding-approval/:applicationId/workflow/start,ctrl:startWorkflow,handles
ep:POST:/api/v1/onboarding-approval/:applicationId/approve,ctrl:approve,handles
ep:POST:/api/v1/onboarding-approval/:applicationId/reject,ctrl:reject,handles
ep:POST:/api/v1/onboarding-approval/:applicationId/send-back,ctrl:sendBack,handles
ep:POST:/api/v1/onboarding-approval/:applicationId/reassign,ctrl:reassign,handles
ep:POST:/api/v1/onboarding-approval/:applicationId/skip-stage,ctrl:skipStage,handles
ep:POST:/api/v1/onboarding-approval/:applicationId/go-live,ctrl:goLive,handles
ep:POST:/api/v1/onboarding-approval/:applicationId/suspend,ctrl:suspend,handles
ep:POST:/api/v1/onboarding-approval/:applicationId/activate,ctrl:activate,handles
ep:GET:/api/v1/onboarding-approval/:applicationId/risk,ctrl:getRisk,handles
ep:PUT:/api/v1/onboarding-approval/:applicationId/risk,ctrl:saveRisk,handles
ep:GET:/api/v1/onboarding-approval/:applicationId/kyc,ctrl:listKyc,handles
ep:POST:/api/v1/onboarding-approval/:applicationId/kyc/:documentId/decision,ctrl:kycDecision,handles
ep:GET:/api/v1/operations/dashboard,ctrl:dashboard,handles
ep:GET:/api/v1/operations/queues,ctrl:queuesDashboard,handles
ep:GET:/api/v1/operations/dead-letter-queue,ctrl:deadLetterQueue,handles
ep:GET:/api/v1/operations/maintenance,ctrl:getMaintenanceMode,handles
ep:PUT:/api/v1/operations/maintenance,ctrl:setMaintenanceMode,handles
ep:GET:/api/v1/operations/deployments,ctrl:deploymentHistory,handles
ep:GET:/api/v1/operations/pending-tasks,ctrl:pendingTasks,handles
ep:GET:/api/v1/operations/health,ctrl:health,handles
ep:GET:/api/v1/operations/alerts,ctrl:alerts,handles
ep:GET:/api/v1/operations/incidents,ctrl:incidents,handles
ep:GET:/api/v1/operations/retry-queue,ctrl:retryQueue,handles
ep:GET:/api/v1/operations/jobs,ctrl:jobs,handles
ep:GET:/api/v1/operations/failed-payments,ctrl:failedPayments,handles
ep:GET:/api/v1/operations/failed-payouts,ctrl:failedPayouts,handles
ep:GET:/api/v1/operations/failed-webhooks,ctrl:failedWebhooks,handles
ep:POST:/api/v1/operations/alerts/:id/acknowledge,ctrl:acknowledgeAlert,handles
ep:POST:/api/v1/operations/alerts/:id/resolve,ctrl:resolveAlert,handles
ep:POST:/api/v1/operations/retry-queue/:id/retry,ctrl:retryQueueItem,handles
ep:POST:/api/v1/operations/jobs/:id/retry,ctrl:retryJob,handles
ep:GET:/api/v1/organizations/mine,ctrl:getMine,handles
ep:GET:/api/v1/organizations/roles,ctrl:getRoles,handles
ep:GET:/api/v1/organizations,ctrl:list,handles
ep:POST:/api/v1/organizations,ctrl:create,handles
ep:GET:/api/v1/organizations/:id,ctrl:getById,handles
ep:PUT:/api/v1/organizations/:id,ctrl:update,handles
ep:PATCH:/api/v1/organizations/:id/status,ctrl:updateStatus,handles
ep:POST:/api/v1/organizations/:id/archive,ctrl:archive,handles
ep:POST:/api/v1/organizations/:id/restore,ctrl:restore,handles
ep:GET:/api/v1/organizations/:id/members,ctrl:getMembers,handles
ep:POST:/api/v1/organizations/:id/members,ctrl:addMember,handles
ep:PUT:/api/v1/organizations/:id/members/:memberId,ctrl:updateMember,handles
ep:DELETE:/api/v1/organizations/:id/members/:memberId,ctrl:removeMember,handles
ep:GET:/api/v1/organizations/:id/domains,ctrl:getDomains,handles
ep:POST:/api/v1/organizations/:id/domains,ctrl:addDomain,handles
ep:PUT:/api/v1/organizations/:id/domains/:domainId,ctrl:updateDomain,handles
ep:DELETE:/api/v1/organizations/:id/domains/:domainId,ctrl:deleteDomain,handles
ep:GET:/api/v1/organizations/:id/branding,ctrl:getBranding,handles
ep:PUT:/api/v1/organizations/:id/branding,ctrl:updateBranding,handles
ep:GET:/api/v1/organizations/:id/preferences,ctrl:getPreferences,handles
ep:PUT:/api/v1/organizations/:id/preferences,ctrl:updatePreferences,handles
ep:GET:/api/v1/organizations/:id/api-keys,ctrl:getApiKeys,handles
ep:POST:/api/v1/organizations/:id/api-keys,ctrl:createApiKey,handles
ep:DELETE:/api/v1/organizations/:id/api-keys/:keyId,ctrl:revokeApiKey,handles
ep:GET:/api/v1/organizations/:id/billing,ctrl:getBilling,handles
ep:PUT:/api/v1/organizations/:id/billing,ctrl:updateBilling,handles
ep:GET:/api/v1/outlets,ctrl:list,handles
ep:POST:/api/v1/outlets,ctrl:create,handles
ep:GET:/api/v1/outlets/:id,ctrl:getById,handles
ep:PUT:/api/v1/outlets/:id,ctrl:update,handles
ep:POST:/api/v1/outlets/:id/activate,ctrl:activate,handles
ep:POST:/api/v1/outlets/:id/deactivate,ctrl:deactivate,handles
ep:GET:/api/v1/payment-config/limits,ctrl:listLimits,handles
ep:POST:/api/v1/payment-config/limits,ctrl:saveLimit,handles
ep:GET:/api/v1/payment-config/merchants/:merchantId,ctrl:getMerchantConfig,handles
ep:PUT:/api/v1/payment-config/merchants/:merchantId,ctrl:saveConfig,handles
ep:GET:/api/v1/payment-links/statistics,ctrl:statistics,handles
ep:GET:/api/v1/payment-links,ctrl:list,handles
ep:POST:/api/v1/payment-links,ctrl:create,handles
ep:GET:/api/v1/payment-links/:id/analytics,ctrl:analytics,handles
ep:GET:/api/v1/payment-links/:id/visits,ctrl:visits,handles
ep:POST:/api/v1/payment-links/:id/clone,ctrl:clone,handles
ep:GET:/api/v1/payment-links/:id/qr,ctrl:qrCode,handles
ep:POST:/api/v1/payment-links/:id/enable,ctrl:enable,handles
ep:POST:/api/v1/payment-links/:id/disable,ctrl:disable,handles
ep:POST:/api/v1/payment-links/:id/expire,ctrl:expire,handles
ep:POST:/api/v1/payment-links/:id/regenerate-token,ctrl:regenerateToken,handles
ep:GET:/api/v1/payment-links/:id,ctrl:getById,handles
ep:PUT:/api/v1/payment-links/:id,ctrl:update,handles
ep:GET:/api/v1/public/payment-links/:token,ctrl:getByToken,handles
ep:POST:/api/v1/public/payment-links/:token/pay,ctrl:pay,handles
ep:GET:/api/v1/payments/webhooks/deliveries,ctrl:webhookDeliveries,handles
ep:GET:/api/v1/payments/orders,ctrl:listOrders,handles
ep:GET:/api/v1/payments/orders/:id,ctrl:getOrder,handles
ep:POST:/api/v1/payments/sessions,ctrl:createSession,handles
ep:GET:/api/v1/payments/sessions/:id,ctrl:getSession,handles
ep:GET:/api/v1/payments/merchant-config/:merchantId,ctrl:merchantConfig,handles
ep:GET:/api/v1/payments/customers/:customerId/profile,ctrl:customerProfile,handles
ep:GET:/api/v1/payments,ctrl:list,handles
ep:POST:/api/v1/payments,ctrl:create,handles
ep:GET:/api/v1/payments/:id,ctrl:getById,handles
ep:GET:/api/v1/payments/:id/timeline,ctrl:timeline,handles
ep:POST:/api/v1/payments/:id/authorize,ctrl:authorize,handles
ep:POST:/api/v1/payments/:id/capture,ctrl:capture,handles
ep:POST:/api/v1/payments/:id/cancel,ctrl:cancel,handles
ep:POST:/api/v1/payments/:id/refund,ctrl:refund,handles
ep:POST:/api/v1/payments/:id/retry,ctrl:retry,handles
ep:POST:/api/v1/payments/:id/expire,ctrl:expire,handles
ep:GET:/api/v1/payouts/statistics,ctrl:statistics,handles
ep:GET:/api/v1/payouts/bank-accounts,ctrl:listBankAccounts,handles
ep:POST:/api/v1/payouts/bank-accounts,ctrl:createBankAccount,handles
ep:PATCH:/api/v1/payouts/bank-accounts/:id,ctrl:updateBankAccount,handles
ep:GET:/api/v1/payouts,ctrl:list,handles
ep:POST:/api/v1/payouts,ctrl:create,handles
ep:GET:/api/v1/payouts/:id/history,ctrl:history,handles
ep:POST:/api/v1/payouts/:id/approve,ctrl:approve,handles
ep:POST:/api/v1/payouts/:id/reject,ctrl:reject,handles
ep:POST:/api/v1/payouts/:id/retry,ctrl:retry,handles
ep:GET:/api/v1/payouts/:id,ctrl:getById,handles
ep:GET:/api/v1/permissions,ctrl:list,handles
ep:GET:/api/v1/pricing,ctrl:list,handles
ep:POST:/api/v1/pricing,ctrl:create,handles
ep:GET:/api/v1/pricing/:id,ctrl:getById,handles
ep:GET:/api/v1/public/qr-payments/templates,ctrl:templates,handles
ep:GET:/api/v1/public/qr-payments/categories,ctrl:categories,handles
ep:POST:/api/v1/public/qr-payments/bulk,ctrl:bulkCreate,handles
ep:GET:/api/v1/public/qr-payments/statistics,ctrl:statistics,handles
ep:GET:/api/v1/public/qr-payments,ctrl:list,handles
ep:POST:/api/v1/public/qr-payments,ctrl:create,handles
ep:GET:/api/v1/public/qr-payments/:id/download/svg,ctrl:downloadSvg,handles
ep:GET:/api/v1/public/qr-payments/:id/download,ctrl:download,handles
ep:GET:/api/v1/public/qr-payments/:id/scan-history,ctrl:scanHistory,handles
ep:POST:/api/v1/public/qr-payments/:id/clone,ctrl:clone,handles
ep:POST:/api/v1/public/qr-payments/:id/archive,ctrl:archive,handles
ep:POST:/api/v1/public/qr-payments/:id/enable,ctrl:enable,handles
ep:POST:/api/v1/public/qr-payments/:id/disable,ctrl:disable,handles
ep:POST:/api/v1/public/qr-payments/:id/regenerate,ctrl:regenerate,handles
ep:GET:/api/v1/public/qr-payments/:id,ctrl:getById,handles
ep:PUT:/api/v1/public/qr-payments/:id,ctrl:update,handles
ep:GET:/api/v1/reconciliation/dashboard,ctrl:dashboard,handles
ep:GET:/api/v1/reconciliation/imports,ctrl:listImports,handles
ep:POST:/api/v1/reconciliation/imports,ctrl:createImport,handles
ep:GET:/api/v1/reconciliation/imports/:id,ctrl:getImport,handles
ep:PUT:/api/v1/reconciliation/imports/:id,ctrl:updateImport,handles
ep:DELETE:/api/v1/reconciliation/imports/:id,ctrl:deleteImport,handles
ep:POST:/api/v1/reconciliation/imports/:importId/records,ctrl:createRecord,handles
ep:GET:/api/v1/reconciliation/records,ctrl:listRecords,handles
ep:GET:/api/v1/reconciliation/records/:id,ctrl:getRecord,handles
ep:POST:/api/v1/reconciliation/records/:id/match,ctrl:matchRecord,handles
ep:GET:/api/v1/refunds/statistics,ctrl:statistics,handles
ep:GET:/api/v1/refunds,ctrl:list,handles
ep:POST:/api/v1/refunds,ctrl:create,handles
ep:GET:/api/v1/refunds/:id/history,ctrl:history,handles
ep:GET:/api/v1/refunds/:id,ctrl:getById,handles
ep:POST:/api/v1/refunds/:id/approve,ctrl:approve,handles
ep:POST:/api/v1/refunds/:id/reject,ctrl:reject,handles
ep:GET:/api/v1/analytics/overview,ctrl:overview,handles
ep:GET:/api/v1/analytics/revenue,ctrl:revenue,handles
ep:GET:/api/v1/analytics/transactions,ctrl:transactions,handles
ep:GET:/api/v1/analytics/settlements,ctrl:settlements,handles
ep:GET:/api/v1/analytics/merchants,ctrl:merchants,handles
ep:GET:/api/v1/analytics/customers,ctrl:customers,handles
ep:GET:/api/v1/analytics/refunds,ctrl:refunds,handles
ep:GET:/api/v1/analytics/chargebacks,ctrl:chargebacks,handles
ep:GET:/api/v1/analytics/payouts,ctrl:payouts,handles
ep:GET:/api/v1/analytics/payment-links,ctrl:paymentLinks,handles
ep:GET:/api/v1/analytics/invoices,ctrl:invoices,handles
ep:GET:/api/v1/analytics/qr-payments,ctrl:qrPayments,handles
ep:GET:/api/v1/analytics/subscriptions,ctrl:subscriptions,handles
ep:GET:/api/v1/analytics/support,ctrl:support,handles
ep:GET:/api/v1/analytics/operations,ctrl:operations,handles
ep:GET:/api/v1/analytics/payment-methods,ctrl:paymentMethods,handles
ep:GET:/api/v1/analytics/regional,ctrl:regional,handles
ep:GET:/api/v1/analytics/export,ctrl:export,handles
ep:GET:/api/v1/reports/center/catalog,ctrl:catalog,handles
ep:GET:/api/v1/reports/center/saved-filters,ctrl:savedFilters,handles
ep:POST:/api/v1/reports/center/saved-filters,ctrl:saveFilter,handles
ep:DELETE:/api/v1/reports/center/saved-filters/:id,ctrl:deleteFilter,handles
ep:POST:/api/v1/reports/center/generate,ctrl:generate,handles
ep:POST:/api/v1/reports/center/export,ctrl:exportReport,handles
ep:GET:/api/v1/reports/center/export-history,ctrl:exportHistory,handles
ep:GET:/api/v1/reports/templates,ctrl:templates,handles
ep:GET:/api/v1/reports/categories,ctrl:categories,handles
ep:GET:/api/v1/reports/history,ctrl:history,handles
ep:GET:/api/v1/reports/scheduled,ctrl:scheduled,handles
ep:POST:/api/v1/reports/scheduled,ctrl:createScheduled,handles
ep:PUT:/api/v1/reports/scheduled/:id,ctrl:updateScheduled,handles
ep:DELETE:/api/v1/reports/scheduled/:id,ctrl:deleteScheduled,handles
ep:POST:/api/v1/reports/run,ctrl:run,handles
ep:POST:/api/v1/reports/export,ctrl:export,handles
ep:GET:/api/v1/reports,ctrl:list,handles
ep:POST:/api/v1/reports,ctrl:create,handles
ep:GET:/api/v1/reports/:id,ctrl:getById,handles
ep:PUT:/api/v1/reports/:id,ctrl:update,handles
ep:DELETE:/api/v1/reports/:id,ctrl:delete,handles
ep:GET:/api/v1/risk-rules,ctrl:list,handles
ep:POST:/api/v1/risk-rules,ctrl:create,handles
ep:GET:/api/v1/risk-rules/:id,ctrl:getById,handles
ep:PUT:/api/v1/risk-rules/:id,ctrl:update,handles
ep:POST:/api/v1/risk-rules/:id/evaluate,ctrl:evaluate,handles
ep:GET:/api/v1/roles,ctrl:list,handles
ep:POST:/api/v1/roles,ctrl:create,handles
ep:GET:/api/v1/roles/:id,ctrl:getById,handles
ep:PUT:/api/v1/roles/:id,ctrl:update,handles
ep:DELETE:/api/v1/roles/:id,ctrl:remove,handles
ep:PUT:/api/v1/roles/:id/permissions,ctrl:assignPermissions,handles
ep:GET:/api/v1/sandbox/dashboard,ctrl:dashboard,handles
ep:GET:/api/v1/sandbox/accounts,ctrl:listAccounts,handles
ep:POST:/api/v1/sandbox/accounts,ctrl:createAccount,handles
ep:GET:/api/v1/sandbox/accounts/:id,ctrl:getAccount,handles
ep:PUT:/api/v1/sandbox/accounts/:id,ctrl:updateAccount,handles
ep:DELETE:/api/v1/sandbox/accounts/:id,ctrl:deleteAccount,handles
ep:GET:/api/v1/sandbox/test-cards,ctrl:listTestCards,handles
ep:GET:/api/v1/sandbox/simulations,ctrl:listSimulations,handles
ep:POST:/api/v1/sandbox/simulations,ctrl:createSimulation,handles
ep:GET:/api/v1/sandbox/simulations/:id,ctrl:getSimulation,handles
ep:PUT:/api/v1/sandbox/simulations/:id,ctrl:updateSimulation,handles
ep:DELETE:/api/v1/sandbox/simulations/:id,ctrl:deleteSimulation,handles
ep:GET:/api/v1/search,ctrl:search,handles
ep:GET:/api/v1/settings/public/branding,ctrl:getPublicBranding,handles
ep:GET:/api/v1/settings/public/feature-flags,ctrl:getPublicFeatureFlags,handles
ep:GET:/api/v1/settings/overview,ctrl:overview,handles
ep:GET:/api/v1/settings/organization,ctrl:getOrganization,handles
ep:PUT:/api/v1/settings/organization,ctrl:updateOrganization,handles
ep:GET:/api/v1/settings/branding,ctrl:getBranding,handles
ep:PUT:/api/v1/settings/branding,ctrl:updateBranding,handles
ep:GET:/api/v1/settings/security,ctrl:getSecurity,handles
ep:PUT:/api/v1/settings/security,ctrl:updateSecurity,handles
ep:GET:/api/v1/settings/password-policy,ctrl:getPasswordPolicy,handles
ep:PUT:/api/v1/settings/password-policy,ctrl:updatePasswordPolicy,handles
ep:GET:/api/v1/settings/session,ctrl:getSessionSettings,handles
ep:PUT:/api/v1/settings/session,ctrl:updateSessionSettings,handles
ep:GET:/api/v1/settings/notifications/me,ctrl:getUserNotifications,handles
ep:PUT:/api/v1/settings/notifications/me,ctrl:updateUserNotifications,handles
ep:GET:/api/v1/settings/notifications/defaults,ctrl:getDefaultNotifications,handles
ep:PUT:/api/v1/settings/notifications/defaults,ctrl:updateDefaultNotifications,handles
ep:GET:/api/v1/settings/configuration,ctrl:listPlatformConfig,handles
ep:PUT:/api/v1/settings/configuration,ctrl:updatePlatformConfig,handles
ep:GET:/api/v1/settings/feature-flags,ctrl:listFeatureFlags,handles
ep:POST:/api/v1/settings/feature-flags,ctrl:createFeatureFlag,handles
ep:GET:/api/v1/settings/feature-flags/:id,ctrl:getFeatureFlag,handles
ep:PUT:/api/v1/settings/feature-flags/:id,ctrl:updateFeatureFlag,handles
ep:DELETE:/api/v1/settings/feature-flags/:id,ctrl:deleteFeatureFlag,handles
ep:GET:/api/v1/settings/api,ctrl:getApiSettings,handles
ep:PUT:/api/v1/settings/api,ctrl:updateApiSettings,handles
ep:GET:/api/v1/settings/smtp,ctrl:getSmtpSettings,handles
ep:PUT:/api/v1/settings/smtp,ctrl:updateSmtpSettings,handles
ep:GET:/api/v1/settings/storage,ctrl:getStorageSettings,handles
ep:PUT:/api/v1/settings/storage,ctrl:updateStorageSettings,handles
ep:GET:/api/v1/settings/rate-limits,ctrl:listRateLimits,handles
ep:PUT:/api/v1/settings/rate-limits,ctrl:upsertRateLimit,handles
ep:PUT:/api/v1/settings/security/geo-login,ctrl:updateGeoLogin,handles
ep:GET:/api/v1/settings/security/api-ip-restrictions,ctrl:getApiIpRestrictions,handles
ep:PUT:/api/v1/settings/security/api-ip-restrictions,ctrl:updateApiIpRestrictions,handles
ep:GET:/api/v1/settlements/calendar,ctrl:calendar,handles
ep:GET:/api/v1/settlements/reserves,ctrl:listReserves,handles
ep:POST:/api/v1/settlements/merchants/:merchantId/reserves,ctrl:createReserve,handles
ep:GET:/api/v1/settlements/search,ctrl:search,handles
ep:GET:/api/v1/settlements/statistics,ctrl:statistics,handles
ep:GET:/api/v1/settlements/export,ctrl:export,handles
ep:GET:/api/v1/settlements/batches,ctrl:batches,handles
ep:POST:/api/v1/settlements/batches,ctrl:createBatch,handles
ep:GET:/api/v1/settlements/batches/:id,ctrl:batchById,handles
ep:GET:/api/v1/settlements,ctrl:list,handles
ep:POST:/api/v1/settlements,ctrl:create,handles
ep:GET:/api/v1/settlements/:id,ctrl:getById,handles
ep:PATCH:/api/v1/settlements/:id/status,ctrl:updateStatus,handles
ep:GET:/api/v1/settlements/:id/transactions,ctrl:transactions,handles
ep:POST:/api/v1/settlements/:id/hold,ctrl:hold,handles
ep:POST:/api/v1/settlements/:id/release,ctrl:release,handles
ep:POST:/api/v1/settlements/:id/retry,ctrl:retry,handles
ep:POST:/api/v1/settlements/:id/reversal,ctrl:reversal,handles
ep:GET:/api/v1/smart-collect/dashboard,ctrl:dashboard,handles
ep:GET:/api/v1/smart-collect/virtual-accounts,ctrl:listVirtualAccounts,handles
ep:POST:/api/v1/smart-collect/virtual-accounts,ctrl:createVirtualAccount,handles
ep:GET:/api/v1/smart-collect/virtual-accounts/:id,ctrl:getVirtualAccount,handles
ep:GET:/api/v1/smart-collect/collections,ctrl:listCollections,handles
ep:GET:/api/v1/smart-collect/collections/:id,ctrl:getCollection,handles
ep:POST:/api/v1/smart-collect/collections/:id/match,ctrl:matchCollection,handles
ep:GET:/api/v1/subscriptions/statistics,ctrl:statistics,handles
ep:GET:/api/v1/subscriptions/analytics,ctrl:analytics,handles
ep:GET:/api/v1/subscriptions/dunning,ctrl:listDunning,handles
ep:GET:/api/v1/subscriptions/mandates,ctrl:listMandates,handles
ep:GET:/api/v1/subscriptions/plans,ctrl:listPlans,handles
ep:POST:/api/v1/subscriptions/plans,ctrl:createPlan,handles
ep:GET:/api/v1/subscriptions,ctrl:list,handles
ep:POST:/api/v1/subscriptions,ctrl:create,handles
ep:POST:/api/v1/subscriptions/:id/pause,ctrl:pause,handles
ep:POST:/api/v1/subscriptions/:id/resume,ctrl:resume,handles
ep:POST:/api/v1/subscriptions/:id/upgrade,ctrl:upgrade,handles
ep:POST:/api/v1/subscriptions/:id/downgrade,ctrl:downgrade,handles
ep:POST:/api/v1/subscriptions/:id/cancel,ctrl:cancel,handles
ep:POST:/api/v1/subscriptions/:id/renew,ctrl:renew,handles
ep:POST:/api/v1/subscriptions/:id/fail,ctrl:markFailed,handles
ep:GET:/api/v1/subscriptions/:id,ctrl:getById,handles
ep:GET:/api/v1/support/statistics,ctrl:statistics,handles
ep:GET:/api/v1/support,ctrl:list,handles
ep:POST:/api/v1/support,ctrl:create,handles
ep:GET:/api/v1/support/:id,ctrl:getById,handles
ep:PUT:/api/v1/support/:id,ctrl:update,handles
ep:POST:/api/v1/support/:id/assign,ctrl:assign,handles
ep:POST:/api/v1/support/:id/reassign,ctrl:reassign,handles
ep:POST:/api/v1/support/:id/escalate,ctrl:escalate,handles
ep:POST:/api/v1/support/:id/close,ctrl:close,handles
ep:POST:/api/v1/support/:id/reopen,ctrl:reopen,handles
ep:POST:/api/v1/support/:id/notes,ctrl:addNote,handles
ep:POST:/api/v1/support/:id/attachments,ctrl:addAttachment,handles
ep:GET:/api/v1/system/admin/status,ctrl:adminStatus,handles
ep:GET:/api/v1/system/health,ctrl:health,handles
ep:GET:/api/v1/system/liveness,ctrl:liveness,handles
ep:GET:/api/v1/system/readiness,ctrl:readiness,handles
ep:GET:/api/v1/system/metrics,ctrl:metrics,handles
ep:GET:/api/v1/system/version,ctrl:version,handles
ep:GET:/api/v1/system/cache-config,ctrl:listCacheConfig,handles
ep:PUT:/api/v1/system/cache-config/:id,ctrl:updateCacheConfig,handles
ep:GET:/api/v1/system/backup-config,ctrl:listBackupConfig,handles
ep:PUT:/api/v1/system/backup-config/:id,ctrl:updateBackupConfig,handles
ep:GET:/api/v1/system/jobs/history,ctrl:jobHistory,handles
ep:GET:/api/v1/system/performance,ctrl:performanceMetrics,handles
ep:GET:/api/v1/transactions/search,ctrl:search,handles
ep:GET:/api/v1/transactions/statistics,ctrl:statistics,handles
ep:GET:/api/v1/transactions/export,ctrl:export,handles
ep:GET:/api/v1/transactions/disputes,ctrl:disputes,handles
ep:POST:/api/v1/transactions/disputes,ctrl:createDispute,handles
ep:GET:/api/v1/transactions,ctrl:list,handles
ep:POST:/api/v1/transactions,ctrl:create,handles
ep:GET:/api/v1/transactions/:id,ctrl:getById,handles
ep:PATCH:/api/v1/transactions/:id/status,ctrl:updateStatus,handles
ep:POST:/api/v1/transactions/:id/refund,ctrl:refund,handles
ep:GET:/api/v1/users,ctrl:list,handles
ep:POST:/api/v1/users,ctrl:create,handles
ep:GET:/api/v1/users/:id,ctrl:getById,handles
ep:PUT:/api/v1/users/:id,ctrl:update,handles
ep:PATCH:/api/v1/users/:id/status,ctrl:updateStatus,handles
ep:DELETE:/api/v1/users/:id,ctrl:remove,handles
ep:PUT:/api/v1/users/:id/roles,ctrl:assignRoles,handles
ep:GET:/api/v1/webhooks/dashboard,ctrl:dashboard,handles
ep:GET:/api/v1/webhooks/endpoints,ctrl:listWebhooks,handles
ep:POST:/api/v1/webhooks/endpoints,ctrl:createWebhook,handles
ep:GET:/api/v1/webhooks/endpoints/:id,ctrl:getWebhook,handles
ep:PUT:/api/v1/webhooks/endpoints/:id,ctrl:updateWebhook,handles
ep:DELETE:/api/v1/webhooks/endpoints/:id,ctrl:deleteWebhook,handles
ep:POST:/api/v1/webhooks/endpoints/:id/subscriptions,ctrl:createSubscription,handles
ep:PUT:/api/v1/webhooks/endpoints/:id/subscriptions/:subId,ctrl:updateSubscription,handles
ep:DELETE:/api/v1/webhooks/endpoints/:id/subscriptions/:subId,ctrl:deleteSubscription,handles
ep:GET:/api/v1/webhooks/deliveries,ctrl:listDeliveries,handles
ep:GET:/api/v1/webhooks/deliveries/:id,ctrl:getDelivery,handles
ep:POST:/api/v1/webhooks/deliveries/:id/retry,ctrl:retryDelivery,handles
repo:AcceptanceRepository,tbl:acceptance_analytics_daily,SELECT
repo:AcceptanceRepository,tbl:qr_codes,SELECT
repo:AcceptanceRepository,tbl:payment_links,SELECT
repo:AcceptanceRepository,tbl:merchants,SELECT
repo:AcceptanceRepository,tbl:qr_codes,SELECT
repo:AcceptanceRepository,tbl:payment_links,SELECT
repo:AcceptanceRepository,tbl:collections,SELECT
repo:AcceptanceRepository,tbl:customer_merchants,SELECT
repo:AcceptanceRepository,tbl:acceptance_analytics_daily,SELECT
repo:AcceptanceRepository,tbl:merchants,SELECT
repo:AcceptanceRepository,tbl:checkout_sessions,SELECT
repo:AccountingRepository,tbl:ledger_accounts,SELECT
repo:AccountingRepository,tbl:ledger_entries,SELECT
repo:AccountingRepository,tbl:ledger_entries,SELECT
repo:AccountingRepository,tbl:ledger_accounts,SELECT
repo:AccountingRepository,tbl:ledger_entries,SELECT
repo:AccountingRepository,tbl:ledger_accounts,SELECT
repo:ActivityRepository,tbl:audit_logs,SELECT
repo:ActivityRepository,tbl:users,SELECT
repo:ActivityRepository,tbl:audit_actions,SELECT
repo:ActivityRepository,tbl:notifications,SELECT
repo:ActivityRepository,tbl:users,SELECT
repo:ActivityRepository,tbl:activity_events,SELECT
repo:ActivityRepository,tbl:users,SELECT
repo:ActivityRepository,tbl:onboarding_workflow_stage_history,SELECT
repo:ActivityRepository,tbl:merchant_onboarding_applications,SELECT
repo:ActivityRepository,tbl:users,SELECT
repo:ActivityRepository,tbl:onboarding_workflow_stage_definitions,SELECT
repo:ActivityRepository,tbl:payment_devices,SELECT
repo:ActivityRepository,tbl:settlements,SELECT
repo:ActivityRepository,tbl:risk_rule_evaluations,SELECT
repo:AiInsightsRepository,tbl:ai_insights_daily,SELECT
repo:AiInsightsRepository,tbl:ai_insights_daily,SELECT
repo:AiInsightsRepository,tbl:transactions,SELECT
repo:AiInsightsRepository,tbl:merchants,SELECT
repo:AuditRepository,tbl:audit_logs,INSERT
repo:AuditRepository,tbl:audit_metadata,INSERT
repo:AuditRepository,tbl:audit_logs,SELECT
repo:AuditRepository,tbl:audit_logs,SELECT
repo:AuditRepository,tbl:audit_logs,SELECT
repo:AuditRepository,tbl:audit_metadata,SELECT
repo:AuditRepository,tbl:audit_logs,SELECT
repo:AuditRepository,tbl:audit_categories,SELECT
repo:AuditRepository,tbl:audit_actions,SELECT
repo:AuditRepository,tbl:audit_logs,SELECT
repo:AuditRepository,tbl:api_logs,SELECT
repo:AuditRepository,tbl:api_logs,SELECT
repo:AuditRepository,tbl:webhook_logs,SELECT
repo:AuditRepository,tbl:webhook_logs,SELECT
repo:AuditRepository,tbl:api_logs,INSERT
repo:AuditRepository,tbl:auth_audit_logs,INSERT
repo:ChallengeRepository,tbl:auth_challenges,INSERT
repo:ChallengeRepository,tbl:auth_challenges,SELECT
repo:ChallengeRepository,tbl:auth_challenges,UPDATE
repo:ChallengeRepository,tbl:auth_challenges,UPDATE
repo:LoginAttemptRepository,tbl:login_attempts,INSERT
repo:OtpRepository,tbl:otp_verifications,INSERT
repo:OtpRepository,tbl:otp_verifications,SELECT
repo:OtpRepository,tbl:otp_verifications,UPDATE
repo:OtpRepository,tbl:otp_verifications,UPDATE
repo:OtpRepository,tbl:otp_verifications,UPDATE
repo:PasswordHistoryRepository,tbl:password_history,INSERT
repo:PasswordHistoryRepository,tbl:password_history,SELECT
repo:PasswordResetRepository,tbl:password_reset_tokens,UPDATE
repo:PasswordResetRepository,tbl:password_reset_tokens,INSERT
repo:PasswordResetRepository,tbl:password_reset_tokens,SELECT
repo:PasswordResetRepository,tbl:password_reset_tokens,UPDATE
repo:RefreshTokenRepository,tbl:refresh_tokens,INSERT
repo:RefreshTokenRepository,tbl:refresh_tokens,SELECT
repo:RefreshTokenRepository,tbl:refresh_tokens,UPDATE
repo:RefreshTokenRepository,tbl:refresh_tokens,UPDATE
repo:RefreshTokenRepository,tbl:refresh_tokens,UPDATE
repo:RefreshTokenRepository,tbl:refresh_tokens,UPDATE
repo:RefreshTokenRepository,tbl:refresh_tokens,UPDATE
repo:SessionRepository,tbl:user_sessions,INSERT
repo:SessionRepository,tbl:user_sessions,SELECT
repo:SessionRepository,tbl:user_sessions,SELECT
repo:SessionRepository,tbl:user_sessions,SELECT
repo:SessionRepository,tbl:user_sessions,UPDATE
repo:SessionRepository,tbl:user_sessions,UPDATE
repo:SessionRepository,tbl:user_sessions,UPDATE
repo:SessionRepository,tbl:user_sessions,UPDATE
repo:TrustedDeviceRepository,tbl:trusted_devices,SELECT
repo:TrustedDeviceRepository,tbl:trusted_devices,UPDATE
repo:TrustedDeviceRepository,tbl:trusted_devices,INSERT
repo:UserRepository,tbl:users,SELECT
repo:UserRepository,tbl:users,SELECT
repo:UserRepository,tbl:users,SELECT
repo:UserRepository,tbl:users,UPDATE
repo:UserRepository,tbl:users,UPDATE
repo:UserRepository,tbl:users,UPDATE
repo:UserRepository,tbl:users,UPDATE
repo:UserRepository,tbl:users,UPDATE
repo:UserRepository,tbl:users,UPDATE
repo:ChargebackRepository,tbl:transaction_disputes,SELECT
repo:ChargebackRepository,tbl:transactions,SELECT
repo:ChargebackRepository,tbl:merchants,SELECT
repo:ChargebackRepository,tbl:customers,SELECT
repo:ChargebackRepository,tbl:transaction_disputes,SELECT
repo:ChargebackRepository,tbl:dispute_status_history,SELECT
repo:ChargebackRepository,tbl:users,SELECT
repo:ChargebackRepository,tbl:dispute_evidence,SELECT
repo:ChargebackRepository,tbl:users,SELECT
repo:ChargebackRepository,tbl:dispute_status_history,INSERT
repo:ChargebackRepository,tbl:transactions,SELECT
repo:ChargebackRepository,tbl:transaction_disputes,INSERT
repo:ChargebackRepository,tbl:transaction_events,INSERT
repo:ChargebackRepository,tbl:dispute_evidence,INSERT
repo:ChargebackRepository,tbl:transaction_disputes,UPDATE
repo:ChargebackRepository,tbl:transaction_disputes,UPDATE
repo:ChargebackRepository,tbl:transaction_disputes,UPDATE
repo:ChargebackRepository,tbl:transaction_events,INSERT
repo:ChargebackRepository,tbl:transaction_disputes,SELECT
repo:ChargebackRepository,tbl:merchants,SELECT
repo:ChargebackRepository,tbl:transaction_disputes,UPDATE
repo:ChargebackRepository,tbl:transaction_disputes,SELECT
repo:ChargebackRepository,tbl:merchants,SELECT
repo:CheckoutRepository,tbl:checkout_sessions,INSERT
repo:CheckoutRepository,tbl:checkout_sessions,SELECT
repo:CheckoutRepository,tbl:merchants,SELECT
repo:CheckoutRepository,tbl:payment_intents,SELECT
repo:CheckoutRepository,tbl:checkout_sessions,SELECT
repo:CheckoutRepository,tbl:payment_intents,SELECT
repo:CheckoutRepository,tbl:checkout_sessions,SELECT
repo:CheckoutRepository,tbl:checkout_sessions,SELECT
repo:CheckoutRepository,tbl:checkout_sessions,SELECT
repo:CheckoutRepository,tbl:payment_intents,SELECT
repo:CheckoutRepository,tbl:checkout_sessions,UPDATE
repo:CheckoutRepository,tbl:checkout_session_events,INSERT
repo:CheckoutRepository,tbl:checkout_session_events,SELECT
repo:CheckoutRepository,tbl:merchant_checkout_branding,SELECT
repo:CheckoutRepository,tbl:checkout_themes,SELECT
repo:CheckoutRepository,tbl:merchant_checkout_branding,SELECT
repo:CheckoutRepository,tbl:merchant_checkout_branding,UPDATE
repo:CheckoutRepository,tbl:merchant_checkout_branding,INSERT
repo:CheckoutRepository,tbl:checkout_themes,SELECT
repo:CheckoutRepository,tbl:checkout_analytics_daily,SELECT
repo:CheckoutRepository,tbl:checkout_sessions,SELECT
repo:CheckoutRepository,tbl:checkout_session_events,SELECT
repo:CheckoutRepository,tbl:checkout_sessions,SELECT
repo:CustomerRepository,tbl:customers,SELECT
repo:CustomerRepository,tbl:customers,SELECT
repo:CustomerRepository,tbl:organizations,SELECT
repo:CustomerRepository,tbl:merchants,SELECT
repo:CustomerRepository,tbl:regions,SELECT
repo:CustomerRepository,tbl:customers,SELECT
repo:CustomerRepository,tbl:organizations,SELECT
repo:CustomerRepository,tbl:customers,SELECT
repo:CustomerRepository,tbl:customers,SELECT
repo:CustomerRepository,tbl:organizations,SELECT
repo:CustomerRepository,tbl:merchants,SELECT
repo:CustomerRepository,tbl:regions,SELECT
repo:CustomerRepository,tbl:customer_addresses,SELECT
repo:CustomerRepository,tbl:customer_merchants,SELECT
repo:CustomerRepository,tbl:merchants,SELECT
repo:CustomerRepository,tbl:transactions,SELECT
repo:CustomerRepository,tbl:transactions,SELECT
repo:CustomerRepository,tbl:transaction_statuses,SELECT
repo:CustomerRepository,tbl:merchants,SELECT
repo:CustomerRepository,tbl:customers,INSERT
repo:CustomerRepository,tbl:customer_merchants,INSERT
repo:CustomerRepository,tbl:customer_addresses,INSERT
repo:CustomerRepository,tbl:customers,UPDATE
repo:CustomerRepository,tbl:customers,UPDATE
repo:CustomerRepository,tbl:customers,UPDATE
repo:CustomerRepository,tbl:customer_preferences,SELECT
repo:CustomerRepository,tbl:customer_preferences,UPDATE
repo:CustomerRepository,tbl:customer_preferences,INSERT
repo:CustomerRepository,tbl:customer_payment_methods,SELECT
repo:CustomerRepository,tbl:transactions,SELECT
repo:DashboardRepository,tbl:dashboard_kpi_snapshots,SELECT
repo:DashboardRepository,tbl:revenue_time_series,SELECT
repo:DashboardRepository,tbl:payment_method_distribution,SELECT
repo:DashboardRepository,tbl:payment_method_types,SELECT
repo:DashboardRepository,tbl:regional_distribution,SELECT
repo:DashboardRepository,tbl:regions,SELECT
repo:DashboardRepository,tbl:transactions,SELECT
repo:DashboardRepository,tbl:merchants,SELECT
repo:DashboardRepository,tbl:transaction_statuses,SELECT
repo:DashboardRepository,tbl:transactions,SELECT
repo:DashboardRepository,tbl:merchants,SELECT
repo:DashboardRepository,tbl:payment_method_types,SELECT
repo:DashboardRepository,tbl:transaction_statuses,SELECT
repo:DashboardRepository,tbl:activity_events,SELECT
repo:DashboardRepository,tbl:activity_event_types,SELECT
repo:DashboardRepository,tbl:fraud_alerts,SELECT
repo:DashboardRepository,tbl:fraud_alert_severities,SELECT
repo:DashboardRepository,tbl:user_dashboard_preferences,SELECT
repo:DashboardRepository,tbl:user_dashboard_preferences,INSERT
repo:DashboardRepository,tbl:dashboard_export_jobs,INSERT
repo:DashboardRepository,tbl:dashboard_export_formats,SELECT
repo:PaymentPlatformStatsRepository,tbl:payment_devices,SELECT
repo:PaymentPlatformStatsRepository,tbl:qr_codes,SELECT
repo:PaymentPlatformStatsRepository,tbl:settlements,SELECT
repo:PaymentPlatformStatsRepository,tbl:fraud_cases,SELECT
repo:PaymentPlatformStatsRepository,tbl:risk_rules,SELECT
repo:PaymentPlatformStatsRepository,tbl:settlements,SELECT
repo:DeveloperRepository,tbl:developer_profiles,SELECT
repo:DeveloperRepository,tbl:oauth_applications,SELECT
repo:DeveloperRepository,tbl:api_usage_logs,SELECT
repo:DeveloperRepository,tbl:organization_api_keys,SELECT
repo:DeveloperRepository,tbl:developer_profiles,SELECT
repo:DeveloperRepository,tbl:developer_profiles,SELECT
repo:DeveloperRepository,tbl:users,SELECT
repo:DeveloperRepository,tbl:developer_profiles,SELECT
repo:DeveloperRepository,tbl:users,SELECT
repo:DeveloperRepository,tbl:developer_profiles,INSERT
repo:DeveloperRepository,tbl:developer_profiles,UPDATE
repo:DeveloperRepository,tbl:developer_profiles,DELETE
repo:DeveloperRepository,tbl:oauth_applications,SELECT
repo:DeveloperRepository,tbl:oauth_applications,SELECT
repo:DeveloperRepository,tbl:oauth_applications,SELECT
repo:DeveloperRepository,tbl:oauth_applications,INSERT
repo:DeveloperRepository,tbl:oauth_applications,UPDATE
repo:DeveloperRepository,tbl:oauth_applications,UPDATE
repo:DeveloperRepository,tbl:api_usage_logs,SELECT
repo:DeveloperRepository,tbl:api_usage_logs,SELECT
repo:DeveloperRepository,tbl:organization_api_keys,SELECT
repo:DeviceRepository,tbl:payment_devices,SELECT
repo:DeviceRepository,tbl:payment_devices,SELECT
repo:DeviceRepository,tbl:payment_devices,INSERT
repo:DeviceRepository,tbl:payment_devices,UPDATE
repo:DeviceRepository,tbl:payment_devices,UPDATE
repo:DeviceRepository,tbl:device_sync_logs,INSERT
repo:DeviceRepository,tbl:terminal_inventory,SELECT
repo:DeviceRepository,tbl:terminal_inventory,SELECT
repo:FraudRepository,tbl:fraud_cases,SELECT
repo:FraudRepository,tbl:fraud_cases,SELECT
repo:FraudRepository,tbl:merchants,SELECT
repo:FraudRepository,tbl:fraud_cases,SELECT
repo:FraudRepository,tbl:merchants,SELECT
repo:FraudRepository,tbl:fraud_cases,SELECT
repo:FraudRepository,tbl:fraud_cases,UPDATE
repo:InvoiceRepository,tbl:invoices,SELECT
repo:InvoiceRepository,tbl:merchants,SELECT
repo:InvoiceRepository,tbl:customers,SELECT
repo:InvoiceRepository,tbl:invoices,SELECT
repo:InvoiceRepository,tbl:merchants,SELECT
repo:InvoiceRepository,tbl:invoice_line_items,SELECT
repo:InvoiceRepository,tbl:invoice_payments,SELECT
repo:InvoiceRepository,tbl:transactions,SELECT
repo:InvoiceRepository,tbl:users,SELECT
repo:InvoiceRepository,tbl:invoices,INSERT
repo:InvoiceRepository,tbl:invoice_line_items,DELETE
repo:InvoiceRepository,tbl:invoice_line_items,INSERT
repo:InvoiceRepository,tbl:invoices,UPDATE
repo:InvoiceRepository,tbl:invoices,SELECT
repo:InvoiceRepository,tbl:invoices,UPDATE
repo:InvoiceRepository,tbl:invoice_payments,INSERT
repo:InvoiceRepository,tbl:invoices,SELECT
repo:InvoiceRepository,tbl:invoices,UPDATE
repo:InvoiceRepository,tbl:invoices,UPDATE
repo:InvoiceRepository,tbl:merchants,SELECT
repo:InvoiceRepository,tbl:customers,SELECT
repo:InvoiceRepository,tbl:invoices,SELECT
repo:InvoiceRepository,tbl:invoice_templates,SELECT
repo:InvoiceRepository,tbl:invoice_templates,SELECT
repo:InvoiceRepository,tbl:invoice_templates,SELECT
repo:InvoiceRepository,tbl:invoice_templates,INSERT
repo:InvoiceRepository,tbl:invoice_templates,UPDATE
repo:InvoiceRepository,tbl:invoice_templates,DELETE
repo:InvoiceRepository,tbl:credit_notes,SELECT
repo:InvoiceRepository,tbl:credit_notes,SELECT
repo:InvoiceRepository,tbl:credit_notes,INSERT
repo:InvoiceRepository,tbl:debit_notes,SELECT
repo:InvoiceRepository,tbl:debit_notes,SELECT
repo:InvoiceRepository,tbl:debit_notes,INSERT
repo:InvoiceRepository,tbl:invoices,SELECT
repo:MerchantRepository,tbl:merchants,SELECT
repo:MerchantRepository,tbl:merchants,SELECT
repo:MerchantRepository,tbl:regions,SELECT
repo:MerchantRepository,tbl:merchants,SELECT
repo:MerchantRepository,tbl:regions,SELECT
repo:MerchantRepository,tbl:merchants,SELECT
repo:MerchantRepository,tbl:merchants,SELECT
repo:MerchantRepository,tbl:regions,SELECT
repo:MerchantRepository,tbl:merchant_contacts,SELECT
repo:MerchantRepository,tbl:merchant_addresses,SELECT
repo:MerchantRepository,tbl:merchant_documents,SELECT
repo:MerchantRepository,tbl:merchant_api_credentials,SELECT
repo:MerchantRepository,tbl:merchant_tags,SELECT
repo:MerchantRepository,tbl:merchant_tag_assignments,SELECT
repo:MerchantRepository,tbl:transactions,SELECT
repo:MerchantRepository,tbl:transactions,SELECT
repo:MerchantRepository,tbl:transaction_statuses,SELECT
repo:MerchantRepository,tbl:settlements,SELECT
repo:MerchantRepository,tbl:merchants,INSERT
repo:MerchantRepository,tbl:merchant_contacts,INSERT
repo:MerchantRepository,tbl:merchant_addresses,INSERT
repo:MerchantRepository,tbl:merchants,UPDATE
repo:MerchantRepository,tbl:merchants,UPDATE
repo:MerchantRepository,tbl:merchant_notes,INSERT
repo:MerchantRepository,tbl:merchants,UPDATE
repo:MerchantRepository,tbl:merchant_documents,INSERT
repo:MerchantRepository,tbl:merchant_documents,UPDATE
repo:MerchantOnboardingRepository,tbl:merchant_onboarding_applications,SELECT
repo:MerchantOnboardingRepository,tbl:merchant_onboarding_applications,SELECT
repo:MerchantOnboardingRepository,tbl:merchant_onboarding_business,SELECT
repo:MerchantOnboardingRepository,tbl:merchant_onboarding_applications,SELECT
repo:MerchantOnboardingRepository,tbl:organizations,SELECT
repo:MerchantOnboardingRepository,tbl:merchant_onboarding_business,SELECT
repo:MerchantOnboardingRepository,tbl:merchant_onboarding_applications,SELECT
repo:MerchantOnboardingRepository,tbl:organizations,SELECT
repo:MerchantOnboardingRepository,tbl:merchant_onboarding_applications,INSERT
repo:MerchantOnboardingRepository,tbl:merchant_onboarding_business,INSERT
repo:MerchantOnboardingRepository,tbl:merchant_onboarding_addresses,INSERT
repo:MerchantOnboardingRepository,tbl:merchant_onboarding_kyc_documents,INSERT
repo:MerchantOnboardingRepository,tbl:merchant_onboarding_bank_details,INSERT
repo:MerchantOnboardingRepository,tbl:merchant_onboarding_settlement_config,INSERT
repo:MerchantOnboardingRepository,tbl:merchant_onboarding_payment_config,INSERT
repo:MerchantOnboardingRepository,tbl:merchant_onboarding_applications,UPDATE
repo:MerchantOnboardingRepository,tbl:merchant_onboarding_applications,UPDATE
repo:MerchantOnboardingRepository,tbl:merchant_onboarding_applications,UPDATE
repo:MerchantOnboardingRepository,tbl:merchant_onboarding_applications,UPDATE
repo:MerchantOnboardingRepository,tbl:merchant_onboarding_timeline_events,INSERT
repo:MerchantOnboardingRepository,tbl:merchant_onboarding_business,SELECT
repo:MerchantOnboardingRepository,tbl:merchant_onboarding_addresses,SELECT
repo:MerchantOnboardingRepository,tbl:merchant_onboarding_kyc_documents,SELECT
repo:MerchantOnboardingRepository,tbl:merchant_onboarding_bank_details,SELECT
repo:MerchantOnboardingRepository,tbl:merchant_onboarding_settlement_config,SELECT
repo:MerchantOnboardingRepository,tbl:merchant_onboarding_payment_config,SELECT
repo:MerchantOnboardingRepository,tbl:merchant_onboarding_timeline_events,SELECT
repo:MerchantOnboardingRepository,tbl:users,SELECT
repo:MerchantOnboardingRepository,tbl:merchants,INSERT
repo:MerchantOnboardingRepository,tbl:merchant_addresses,INSERT
repo:MerchantOnboardingRepository,tbl:merchant_bank_accounts,INSERT
repo:MerchantOnboardingRepository,tbl:merchant_settlement_accounts,INSERT
repo:MerchantOnboardingRepository,tbl:merchant_payment_methods,INSERT
repo:MerchantOnboardingRepository,tbl:merchant_contacts,INSERT
repo:MerchantUserRepository,tbl:merchant_users,SELECT
repo:MerchantUserRepository,tbl:merchant_roles,SELECT
repo:MerchantUserRepository,tbl:merchant_user_outlets,SELECT
repo:MerchantUserRepository,tbl:roles,SELECT
repo:MerchantUserRepository,tbl:user_roles,SELECT
repo:MerchantUserRepository,tbl:merchants,SELECT
repo:MerchantUserRepository,tbl:organization_members,SELECT
repo:MerchantUserRepository,tbl:organization_roles,SELECT
repo:MerchantUserRepository,tbl:merchants,SELECT
repo:MerchantUserRepository,tbl:merchant_outlets,SELECT
repo:MerchantUserRepository,tbl:merchant_users,SELECT
repo:MerchantUserRepository,tbl:users,SELECT
repo:MerchantUserRepository,tbl:merchants,SELECT
repo:MerchantUserRepository,tbl:merchant_users,SELECT
repo:MerchantUserRepository,tbl:users,SELECT
repo:MerchantUserRepository,tbl:merchants,SELECT
repo:MerchantUserRepository,tbl:organizations,SELECT
repo:MerchantUserRepository,tbl:merchant_roles,SELECT
repo:MerchantUserRepository,tbl:merchant_users,SELECT
repo:MerchantUserRepository,tbl:users,SELECT
repo:MerchantUserRepository,tbl:merchants,SELECT
repo:MerchantUserRepository,tbl:organizations,SELECT
repo:MerchantUserRepository,tbl:merchant_roles,SELECT
repo:MerchantUserRepository,tbl:merchant_user_outlets,SELECT
repo:MerchantUserRepository,tbl:merchant_roles,SELECT
repo:MerchantUserRepository,tbl:merchant_roles,SELECT
repo:MerchantUserRepository,tbl:users,INSERT
repo:MerchantUserRepository,tbl:merchant_users,INSERT
repo:MerchantUserRepository,tbl:merchant_users,INSERT
repo:MerchantUserRepository,tbl:merchant_users,UPDATE
repo:MerchantUserRepository,tbl:merchant_users,UPDATE
repo:MerchantUserRepository,tbl:merchant_users,UPDATE
repo:MerchantUserRepository,tbl:merchant_user_outlets,DELETE
repo:MerchantUserRepository,tbl:merchant_user_outlets,INSERT
repo:MerchantUserRepository,tbl:users,UPDATE
repo:MerchantUserRepository,tbl:merchant_users,SELECT
repo:MerchantUserRepository,tbl:merchants,SELECT
repo:MerchantUserRepository,tbl:merchant_roles,SELECT
repo:MerchantUserRepository,tbl:users,SELECT
repo:MerchantUserRepository,tbl:users,SELECT
repo:NotificationRepository,tbl:notifications,SELECT
repo:NotificationRepository,tbl:notifications,SELECT
repo:NotificationRepository,tbl:notifications,SELECT
repo:NotificationRepository,tbl:notifications,SELECT
repo:NotificationRepository,tbl:notifications,SELECT
repo:NotificationRepository,tbl:notifications,SELECT
repo:NotificationRepository,tbl:notifications,UPDATE
repo:NotificationRepository,tbl:notifications,UPDATE
repo:NotificationRepository,tbl:notifications,UPDATE
repo:NotificationRepository,tbl:notifications,UPDATE
repo:NotificationRepository,tbl:notifications,UPDATE
repo:NotificationRepository,tbl:notifications,INSERT
repo:NotificationRepository,tbl:notification_deliveries,INSERT
repo:NotificationRepository,tbl:notification_deliveries,INSERT
repo:NotificationRepository,tbl:notification_preferences,SELECT
repo:NotificationRepository,tbl:notification_preferences,SELECT
repo:NotificationRepository,tbl:notification_templates,SELECT
repo:NotificationRepository,tbl:notification_templates,SELECT
repo:NotificationRepository,tbl:notification_templates,SELECT
repo:NotificationRepository,tbl:notification_templates,INSERT
repo:NotificationRepository,tbl:notification_templates,UPDATE
repo:NotificationRepository,tbl:notification_templates,UPDATE
repo:NotificationRepository,tbl:notifications,SELECT
repo:NotificationRepository,tbl:notifications,SELECT
repo:NotificationRepository,tbl:users,SELECT
repo:NotificationRepository,tbl:user_roles,SELECT
repo:NotificationRepository,tbl:roles,SELECT
repo:NotificationRepository,tbl:user_roles,SELECT
repo:NotificationRepository,tbl:roles,SELECT
repo:NotificationRepository,tbl:notification_channels,SELECT
repo:NotificationRepository,tbl:notification_events,SELECT
repo:NotificationRepository,tbl:notification_groups,SELECT
repo:NotificationRepository,tbl:notification_deliveries,SELECT
repo:NotificationRepository,tbl:communication_campaigns,SELECT
repo:NotificationRepository,tbl:communication_campaigns,SELECT
repo:NotificationRepository,tbl:communication_campaigns,SELECT
repo:NotificationRepository,tbl:communication_campaigns,INSERT
repo:NotificationRepository,tbl:communication_campaigns,UPDATE
repo:NotificationRepository,tbl:communication_campaigns,DELETE
repo:NotificationRepository,tbl:notification_templates,SELECT
repo:RiskReviewRepository,tbl:onboarding_risk_reviews,SELECT
repo:RiskReviewRepository,tbl:onboarding_risk_reviews,UPDATE
repo:RiskReviewRepository,tbl:onboarding_risk_reviews,INSERT
repo:KycReviewRepository,tbl:merchant_onboarding_kyc_documents,SELECT
repo:KycReviewRepository,tbl:users,SELECT
repo:KycReviewRepository,tbl:merchant_onboarding_kyc_documents,UPDATE
repo:KycReviewRepository,tbl:onboarding_kyc_verification_events,INSERT
repo:KycReviewRepository,tbl:onboarding_kyc_verification_events,SELECT
repo:KycReviewRepository,tbl:merchant_onboarding_kyc_documents,SELECT
repo:KycReviewRepository,tbl:users,SELECT
repo:KycReviewRepository,tbl:merchant_onboarding_kyc_documents,UPDATE
repo:TaxProfileRepository,tbl:merchant_tax_profiles,INSERT
repo:TaxProfileRepository,tbl:merchant_tax_profiles,UPDATE
repo:TaxProfileRepository,tbl:merchant_tax_profiles,UPDATE
repo:TaxProfileRepository,tbl:merchant_tax_profiles,SELECT
repo:TaxProfileRepository,tbl:merchant_tax_profiles,UPDATE
repo:WorkflowRepository,tbl:onboarding_workflow_stage_definitions,SELECT
repo:WorkflowRepository,tbl:onboarding_workflow_stage_definitions,SELECT
repo:WorkflowRepository,tbl:onboarding_workflow_stage_definitions,SELECT
repo:WorkflowRepository,tbl:onboarding_workflow_stage_definitions,SELECT
repo:WorkflowRepository,tbl:onboarding_workflow_instances,SELECT
repo:WorkflowRepository,tbl:onboarding_workflow_stage_definitions,SELECT
repo:WorkflowRepository,tbl:onboarding_workflow_instances,INSERT
repo:WorkflowRepository,tbl:onboarding_workflow_instances,UPDATE
repo:WorkflowRepository,tbl:onboarding_workflow_instances,UPDATE
repo:WorkflowRepository,tbl:onboarding_workflow_stage_history,INSERT
repo:WorkflowRepository,tbl:onboarding_workflow_instances,SELECT
repo:WorkflowRepository,tbl:merchant_onboarding_applications,SELECT
repo:WorkflowRepository,tbl:merchant_onboarding_business,SELECT
repo:WorkflowRepository,tbl:onboarding_workflow_instances,SELECT
repo:WorkflowRepository,tbl:merchant_onboarding_applications,SELECT
repo:WorkflowRepository,tbl:merchant_onboarding_business,SELECT
repo:WorkflowRepository,tbl:organizations,SELECT
repo:WorkflowRepository,tbl:onboarding_workflow_stage_definitions,SELECT
repo:WorkflowRepository,tbl:users,SELECT
repo:WorkflowRepository,tbl:onboarding_workflow_instances,UPDATE
repo:WorkflowRepository,tbl:onboarding_workflow_stage_history,SELECT
repo:WorkflowRepository,tbl:onboarding_workflow_stage_definitions,SELECT
repo:WorkflowRepository,tbl:users,SELECT
repo:WorkflowRepository,tbl:onboarding_workflow_instances,SELECT
repo:WorkflowRepository,tbl:onboarding_workflow_stage_definitions,SELECT
repo:WorkflowRepository,tbl:onboarding_workflow_instances,SELECT
repo:WorkflowRepository,tbl:merchant_onboarding_applications,SELECT
repo:WorkflowRepository,tbl:onboarding_workflow_stage_definitions,SELECT
repo:OperationsRepository,tbl:support_tickets,SELECT
repo:OperationsRepository,tbl:system_alerts,SELECT
repo:OperationsRepository,tbl:operations_incidents,SELECT
repo:OperationsRepository,tbl:retry_queue,SELECT
repo:OperationsRepository,tbl:background_jobs,SELECT
repo:OperationsRepository,tbl:transactions,SELECT
repo:OperationsRepository,tbl:transaction_statuses,SELECT
repo:OperationsRepository,tbl:merchants,SELECT
repo:OperationsRepository,tbl:payouts,SELECT
repo:OperationsRepository,tbl:merchants,SELECT
repo:OperationsRepository,tbl:webhook_logs,SELECT
repo:OperationsRepository,tbl:system_alerts,SELECT
repo:OperationsRepository,tbl:system_alerts,SELECT
repo:OperationsRepository,tbl:operations_incidents,SELECT
repo:OperationsRepository,tbl:operations_incidents,SELECT
repo:OperationsRepository,tbl:retry_queue,SELECT
repo:OperationsRepository,tbl:retry_queue,SELECT
repo:OperationsRepository,tbl:background_jobs,SELECT
repo:OperationsRepository,tbl:background_jobs,SELECT
repo:OperationsRepository,tbl:transactions,SELECT
repo:OperationsRepository,tbl:transaction_statuses,SELECT
repo:OperationsRepository,tbl:merchants,SELECT
repo:OperationsRepository,tbl:payouts,SELECT
repo:OperationsRepository,tbl:merchants,SELECT
repo:OperationsRepository,tbl:webhook_logs,SELECT
repo:OperationsRepository,tbl:system_alerts,UPDATE
repo:OperationsRepository,tbl:system_alerts,UPDATE
repo:OperationsRepository,tbl:settlements,SELECT
repo:OperationsRepository,tbl:payment_devices,SELECT
repo:OperationsRepository,tbl:device_sync_logs,SELECT
repo:OperationsRepository,tbl:merchant_onboarding_applications,SELECT
repo:OperationsRepository,tbl:merchant_onboarding_kyc_documents,SELECT
repo:OperationsRepository,tbl:retry_queue,SELECT
repo:OperationsRepository,tbl:onboarding_workflow_instances,SELECT
repo:OperationsRepository,tbl:onboarding_workflow_stage_definitions,SELECT
repo:OperationsRepository,tbl:retry_queue,SELECT
repo:OperationsRepository,tbl:background_jobs,SELECT
repo:OperationsRepository,tbl:webhook_delivery_queue,SELECT
repo:OperationsRepository,tbl:webhook_delivery_queue,SELECT
repo:OperationsRepository,tbl:webhook_delivery_queue,SELECT
repo:OperationsRepository,tbl:platform_configurations,SELECT
repo:OperationsRepository,tbl:platform_configurations,INSERT
repo:OperationsRepository,tbl:config_value,INSERT
repo:OperationsRepository,tbl:platform_configurations,INSERT
repo:OperationsRepository,tbl:config_value,INSERT
repo:OperationsRepository,tbl:audit_logs,SELECT
repo:OperationsRepository,tbl:audit_logs,SELECT
repo:OrganizationRepository,tbl:organizations,SELECT
repo:OrganizationRepository,tbl:organization_members,SELECT
repo:OrganizationRepository,tbl:organizations,SELECT
repo:OrganizationRepository,tbl:organizations,SELECT
repo:OrganizationRepository,tbl:organization_members,SELECT
repo:OrganizationRepository,tbl:organizations,SELECT
repo:OrganizationRepository,tbl:organization_roles,SELECT
repo:OrganizationRepository,tbl:organizations,INSERT
repo:OrganizationRepository,tbl:organization_branding,INSERT
repo:OrganizationRepository,tbl:organization_billing,INSERT
repo:OrganizationRepository,tbl:organization_addresses,INSERT
repo:OrganizationRepository,tbl:organization_contacts,INSERT
repo:OrganizationRepository,tbl:organization_roles,SELECT
repo:OrganizationRepository,tbl:organization_members,INSERT
repo:OrganizationRepository,tbl:organizations,UPDATE
repo:OrganizationRepository,tbl:organizations,UPDATE
repo:OrganizationRepository,tbl:organization_addresses,SELECT
repo:OrganizationRepository,tbl:organization_contacts,SELECT
repo:OrganizationRepository,tbl:organization_domains,SELECT
repo:OrganizationRepository,tbl:organization_domains,UPDATE
repo:OrganizationRepository,tbl:organization_domains,INSERT
repo:OrganizationRepository,tbl:organization_domains,UPDATE
repo:OrganizationRepository,tbl:organization_domains,UPDATE
repo:OrganizationRepository,tbl:organization_domains,DELETE
repo:OrganizationRepository,tbl:organization_members,SELECT
repo:OrganizationRepository,tbl:users,SELECT
repo:OrganizationRepository,tbl:organization_roles,SELECT
repo:OrganizationRepository,tbl:organization_members,UPDATE
repo:OrganizationRepository,tbl:organization_members,INSERT
repo:OrganizationRepository,tbl:organization_members,SELECT
repo:OrganizationRepository,tbl:organization_members,UPDATE
repo:OrganizationRepository,tbl:organization_members,UPDATE
repo:OrganizationRepository,tbl:organization_members,UPDATE
repo:OrganizationRepository,tbl:organization_roles,SELECT
repo:OrganizationRepository,tbl:organization_branding,SELECT
repo:OrganizationRepository,tbl:organization_branding,INSERT
repo:OrganizationRepository,tbl:organizations,UPDATE
repo:OrganizationRepository,tbl:organization_preferences,SELECT
repo:OrganizationRepository,tbl:organization_preferences,INSERT
repo:OrganizationRepository,tbl:organization_api_keys,SELECT
repo:OrganizationRepository,tbl:organization_api_keys,INSERT
repo:OrganizationRepository,tbl:organization_api_keys,UPDATE
repo:OrganizationRepository,tbl:organization_billing,SELECT
repo:OrganizationRepository,tbl:organization_billing,INSERT
repo:OrganizationRepository,tbl:organization_billing,UPDATE
repo:OrganizationRepository,tbl:organizations,SELECT
repo:OutletRepository,tbl:merchant_outlets,SELECT
repo:OutletRepository,tbl:merchants,SELECT
repo:OutletRepository,tbl:merchant_outlets,UPDATE
repo:OutletRepository,tbl:merchant_outlets,INSERT
repo:OutletRepository,tbl:merchant_outlets,UPDATE
repo:OutletRepository,tbl:merchant_outlets,UPDATE
repo:OutletRepository,tbl:merchant_outlets,UPDATE
repo:OutletRepository,tbl:merchants,SELECT
repo:PaymentConfigRepository,tbl:merchant_payment_method_config,SELECT
repo:PaymentConfigRepository,tbl:payment_method_types,SELECT
repo:PaymentConfigRepository,tbl:merchant_payment_method_config,SELECT
repo:PaymentConfigRepository,tbl:merchant_payment_method_config,UPDATE
repo:PaymentConfigRepository,tbl:merchant_payment_method_config,INSERT
repo:PaymentConfigRepository,tbl:transaction_limit_rules,SELECT
repo:PaymentConfigRepository,tbl:transaction_limit_rules,UPDATE
repo:PaymentConfigRepository,tbl:transaction_limit_rules,INSERT
repo:PaymentLinkRepository,tbl:payment_links,SELECT
repo:PaymentLinkRepository,tbl:merchants,SELECT
repo:PaymentLinkRepository,tbl:payment_link_transactions,SELECT
repo:PaymentLinkRepository,tbl:payment_links,SELECT
repo:PaymentLinkRepository,tbl:merchants,SELECT
repo:PaymentLinkRepository,tbl:payment_link_transactions,SELECT
repo:PaymentLinkRepository,tbl:transactions,SELECT
repo:PaymentLinkRepository,tbl:transaction_statuses,SELECT
repo:PaymentLinkRepository,tbl:payment_links,INSERT
repo:PaymentLinkRepository,tbl:payment_links,UPDATE
repo:PaymentLinkRepository,tbl:payment_links,UPDATE
repo:PaymentLinkRepository,tbl:payment_links,UPDATE
repo:PaymentLinkRepository,tbl:payment_link_transactions,INSERT
repo:PaymentLinkRepository,tbl:payment_links,UPDATE
repo:PaymentLinkRepository,tbl:payment_links,UPDATE
repo:PaymentLinkRepository,tbl:merchants,SELECT
repo:PaymentLinkRepository,tbl:customers,SELECT
repo:PaymentLinkRepository,tbl:payment_links,INSERT
repo:PaymentLinkRepository,tbl:payment_link_visits,INSERT
repo:PaymentLinkRepository,tbl:payment_links,UPDATE
repo:PaymentLinkRepository,tbl:payment_link_events,INSERT
repo:PaymentLinkRepository,tbl:payment_link_visits,SELECT
repo:PaymentLinkRepository,tbl:payment_link_visits,SELECT
repo:PaymentLinkRepository,tbl:payment_links,SELECT
repo:PaymentLinkRepository,tbl:payment_link_events,SELECT
repo:PaymentRepository,tbl:payment_intents,SELECT
repo:PaymentRepository,tbl:merchants,SELECT
repo:PaymentRepository,tbl:payment_method_types,SELECT
repo:PaymentRepository,tbl:payment_intents,SELECT
repo:PaymentRepository,tbl:payment_intents,SELECT
repo:PaymentRepository,tbl:payment_intents,SELECT
repo:PaymentRepository,tbl:merchants,SELECT
repo:PaymentRepository,tbl:payment_orders,INSERT
repo:PaymentRepository,tbl:payment_intents,INSERT
repo:PaymentRepository,tbl:payment_sessions,INSERT
repo:PaymentRepository,tbl:payment_sessions,SELECT
repo:PaymentRepository,tbl:payment_intents,UPDATE
repo:PaymentRepository,tbl:payment_intents,UPDATE
repo:PaymentRepository,tbl:payment_timeline_events,INSERT
repo:PaymentRepository,tbl:payment_timeline_events,SELECT
repo:PaymentRepository,tbl:users,SELECT
repo:PaymentRepository,tbl:payment_orders,SELECT
repo:PaymentRepository,tbl:payment_orders,SELECT
repo:PaymentRepository,tbl:payment_orders,SELECT
repo:PaymentRepository,tbl:payment_orders,UPDATE
repo:PaymentRepository,tbl:payment_idempotency_keys,SELECT
repo:PaymentRepository,tbl:payment_idempotency_keys,INSERT
repo:PaymentRepository,tbl:customer_payment_methods,SELECT
repo:PaymentRepository,tbl:merchants,SELECT
repo:PaymentRepository,tbl:transaction_statuses,SELECT
repo:PaymentRepository,tbl:transactions,INSERT
repo:PaymentRepository,tbl:payment_webhook_deliveries,SELECT
repo:PaymentRepository,tbl:payment_webhook_deliveries,INSERT
repo:PaymentRepository,tbl:merchant_webhooks,SELECT
repo:PayoutRepository,tbl:payouts,SELECT
repo:PayoutRepository,tbl:merchants,SELECT
repo:PayoutRepository,tbl:settlements,SELECT
repo:PayoutRepository,tbl:payouts,SELECT
repo:PayoutRepository,tbl:payout_status_history,SELECT
repo:PayoutRepository,tbl:users,SELECT
repo:PayoutRepository,tbl:merchant_bank_accounts,SELECT
repo:PayoutRepository,tbl:merchants,SELECT
repo:PayoutRepository,tbl:merchant_bank_accounts,SELECT
repo:PayoutRepository,tbl:merchants,SELECT
repo:PayoutRepository,tbl:payout_status_history,INSERT
repo:PayoutRepository,tbl:merchant_bank_accounts,SELECT
repo:PayoutRepository,tbl:settlements,SELECT
repo:PayoutRepository,tbl:merchant_bank_accounts,SELECT
repo:PayoutRepository,tbl:payouts,INSERT
repo:PayoutRepository,tbl:payouts,UPDATE
repo:PayoutRepository,tbl:settlements,UPDATE
repo:PayoutRepository,tbl:payouts,UPDATE
repo:PayoutRepository,tbl:payouts,UPDATE
repo:PayoutRepository,tbl:merchant_bank_accounts,UPDATE
repo:PayoutRepository,tbl:merchant_bank_accounts,INSERT
repo:PayoutRepository,tbl:merchant_bank_accounts,UPDATE
repo:PayoutRepository,tbl:merchant_bank_accounts,UPDATE
repo:PayoutRepository,tbl:merchant_bank_accounts,UPDATE
repo:PermissionRepository,tbl:permissions,SELECT
repo:PricingRepository,tbl:pricing_plans,SELECT
repo:PricingRepository,tbl:pricing_plans,SELECT
repo:PricingRepository,tbl:pricing_plans,SELECT
repo:PricingRepository,tbl:pricing_fee_rules,SELECT
repo:PricingRepository,tbl:payment_method_types,SELECT
repo:PricingRepository,tbl:pricing_plans,INSERT
repo:PricingRepository,tbl:pricing_fee_rules,INSERT
repo:QrPaymentRepository,tbl:qr_codes,SELECT
repo:QrPaymentRepository,tbl:merchants,SELECT
repo:QrPaymentRepository,tbl:qr_transactions,SELECT
repo:QrPaymentRepository,tbl:qr_codes,SELECT
repo:QrPaymentRepository,tbl:merchants,SELECT
repo:QrPaymentRepository,tbl:qr_codes,INSERT
repo:QrPaymentRepository,tbl:qr_codes,UPDATE
repo:QrPaymentRepository,tbl:qr_codes,UPDATE
repo:QrPaymentRepository,tbl:qr_codes,UPDATE
repo:QrPaymentRepository,tbl:qr_transactions,INSERT
repo:QrPaymentRepository,tbl:qr_codes,UPDATE
repo:QrPaymentRepository,tbl:merchants,SELECT
repo:QrPaymentRepository,tbl:customers,SELECT
repo:QrPaymentRepository,tbl:qr_codes,INSERT
repo:QrPaymentRepository,tbl:qr_codes,UPDATE
repo:QrPaymentRepository,tbl:qr_scan_history,INSERT
repo:QrPaymentRepository,tbl:qr_codes,UPDATE
repo:QrPaymentRepository,tbl:qr_scan_history,SELECT
repo:QrPaymentRepository,tbl:qr_scan_history,SELECT
repo:QrPaymentRepository,tbl:qr_templates,SELECT
repo:QrPaymentRepository,tbl:qr_categories,SELECT
repo:ReconciliationRepository,tbl:reconciliation_imports,SELECT
repo:ReconciliationRepository,tbl:reconciliation_records,SELECT
repo:ReconciliationRepository,tbl:reconciliation_imports,SELECT
repo:ReconciliationRepository,tbl:reconciliation_imports,SELECT
repo:ReconciliationRepository,tbl:reconciliation_imports,SELECT
repo:ReconciliationRepository,tbl:reconciliation_imports,INSERT
repo:ReconciliationRepository,tbl:reconciliation_imports,UPDATE
repo:ReconciliationRepository,tbl:reconciliation_imports,DELETE
repo:ReconciliationRepository,tbl:reconciliation_records,SELECT
repo:ReconciliationRepository,tbl:reconciliation_records,SELECT
repo:ReconciliationRepository,tbl:reconciliation_records,SELECT
repo:ReconciliationRepository,tbl:reconciliation_records,INSERT
repo:ReconciliationRepository,tbl:reconciliation_records,UPDATE
repo:RefundRepository,tbl:transaction_refunds,SELECT
repo:RefundRepository,tbl:transactions,SELECT
repo:RefundRepository,tbl:merchants,SELECT
repo:RefundRepository,tbl:customers,SELECT
repo:RefundRepository,tbl:transaction_refunds,SELECT
repo:RefundRepository,tbl:refund_status_history,SELECT
repo:RefundRepository,tbl:users,SELECT
repo:RefundRepository,tbl:transaction_refunds,SELECT
repo:RefundRepository,tbl:transactions,SELECT
repo:RefundRepository,tbl:refund_status_history,INSERT
repo:RefundRepository,tbl:transaction_refunds,INSERT
repo:RefundRepository,tbl:transaction_events,INSERT
repo:RefundRepository,tbl:transaction_refunds,UPDATE
repo:RefundRepository,tbl:transaction_events,INSERT
repo:RefundRepository,tbl:transaction_refunds,UPDATE
repo:RefundRepository,tbl:transaction_events,INSERT
repo:ReportCenterRepository,tbl:report_center_catalog,SELECT
repo:ReportCenterRepository,tbl:report_saved_filters,SELECT
repo:ReportCenterRepository,tbl:report_saved_filters,UPDATE
repo:ReportCenterRepository,tbl:report_saved_filters,INSERT
repo:ReportCenterRepository,tbl:report_saved_filters,DELETE
repo:ReportCenterRepository,tbl:merchants,SELECT
repo:ReportCenterRepository,tbl:transactions,SELECT
repo:ReportCenterRepository,tbl:settlements,SELECT
repo:ReportCenterRepository,tbl:fraud_cases,SELECT
repo:ReportCenterRepository,tbl:merchants,SELECT
repo:ReportCenterRepository,tbl:payment_devices,SELECT
repo:ReportCenterRepository,tbl:report_center_catalog,SELECT
repo:ReportCenterRepository,tbl:report_exports,INSERT
repo:ReportCenterRepository,tbl:report_exports,SELECT
repo:ReportsRepository,tbl:report_categories,SELECT
repo:ReportsRepository,tbl:report_templates,SELECT
repo:ReportsRepository,tbl:report_categories,SELECT
repo:ReportsRepository,tbl:reports,SELECT
repo:ReportsRepository,tbl:reports,SELECT
repo:ReportsRepository,tbl:report_templates,SELECT
repo:ReportsRepository,tbl:report_categories,SELECT
repo:ReportsRepository,tbl:users,SELECT
repo:ReportsRepository,tbl:reports,SELECT
repo:ReportsRepository,tbl:report_templates,SELECT
repo:ReportsRepository,tbl:report_categories,SELECT
repo:ReportsRepository,tbl:users,SELECT
repo:ReportsRepository,tbl:reports,INSERT
repo:ReportsRepository,tbl:reports,UPDATE
repo:ReportsRepository,tbl:reports,UPDATE
repo:ReportsRepository,tbl:report_execution_logs,INSERT
repo:ReportsRepository,tbl:report_execution_logs,UPDATE
repo:ReportsRepository,tbl:report_execution_logs,UPDATE
repo:ReportsRepository,tbl:report_exports,INSERT
repo:ReportsRepository,tbl:report_execution_logs,SELECT
repo:ReportsRepository,tbl:report_execution_logs,SELECT
repo:ReportsRepository,tbl:reports,SELECT
repo:ReportsRepository,tbl:users,SELECT
repo:ReportsRepository,tbl:report_exports,SELECT
repo:ReportsRepository,tbl:report_exports,SELECT
repo:ReportsRepository,tbl:reports,SELECT
repo:ReportsRepository,tbl:scheduled_reports,SELECT
repo:ReportsRepository,tbl:reports,SELECT
repo:ReportsRepository,tbl:scheduled_reports,SELECT
repo:ReportsRepository,tbl:reports,SELECT
repo:ReportsRepository,tbl:scheduled_reports,INSERT
repo:ReportsRepository,tbl:scheduled_reports,UPDATE
repo:ReportsRepository,tbl:scheduled_reports,UPDATE
repo:AnalyticsRepository,tbl:analytics_snapshots,SELECT
repo:AnalyticsRepository,tbl:revenue_time_series,SELECT
repo:AnalyticsRepository,tbl:dashboard_kpi_snapshots,SELECT
repo:AnalyticsRepository,tbl:merchants,SELECT
repo:AnalyticsRepository,tbl:transactions,SELECT
repo:AnalyticsRepository,tbl:transactions,SELECT
repo:AnalyticsRepository,tbl:merchants,SELECT
repo:AnalyticsRepository,tbl:transaction_statuses,SELECT
repo:AnalyticsRepository,tbl:settlements,SELECT
repo:AnalyticsRepository,tbl:merchants,SELECT
repo:AnalyticsRepository,tbl:merchants,SELECT
repo:AnalyticsRepository,tbl:customers,SELECT
repo:AnalyticsRepository,tbl:transactions,SELECT
repo:AnalyticsRepository,tbl:merchants,SELECT
repo:AnalyticsRepository,tbl:transaction_refunds,SELECT
repo:AnalyticsRepository,tbl:merchants,SELECT
repo:AnalyticsRepository,tbl:transaction_disputes,SELECT
repo:AnalyticsRepository,tbl:merchants,SELECT
repo:AnalyticsRepository,tbl:payouts,SELECT
repo:AnalyticsRepository,tbl:merchants,SELECT
repo:AnalyticsRepository,tbl:payment_link_transactions,SELECT
repo:AnalyticsRepository,tbl:payment_links,SELECT
repo:AnalyticsRepository,tbl:invoices,SELECT
repo:AnalyticsRepository,tbl:invoices,SELECT
repo:AnalyticsRepository,tbl:qr_transactions,SELECT
repo:AnalyticsRepository,tbl:qr_codes,SELECT
repo:AnalyticsRepository,tbl:subscriptions,SELECT
repo:AnalyticsRepository,tbl:subscription_plans,SELECT
repo:AnalyticsRepository,tbl:support_tickets,SELECT
repo:AnalyticsRepository,tbl:transactions,SELECT
repo:AnalyticsRepository,tbl:transaction_statuses,SELECT
repo:AnalyticsRepository,tbl:merchants,SELECT
repo:AnalyticsRepository,tbl:payouts,SELECT
repo:AnalyticsRepository,tbl:merchants,SELECT
repo:AnalyticsRepository,tbl:operations_incidents,SELECT
repo:AnalyticsRepository,tbl:payment_method_distribution,SELECT
repo:AnalyticsRepository,tbl:payment_method_types,SELECT
repo:AnalyticsRepository,tbl:regional_distribution,SELECT
repo:AnalyticsRepository,tbl:regions,SELECT
repo:RiskRuleRepository,tbl:risk_rules,SELECT
repo:RiskRuleRepository,tbl:risk_rules,SELECT
repo:RiskRuleRepository,tbl:risk_rules,SELECT
repo:RiskRuleRepository,tbl:risk_rules,INSERT
repo:RiskRuleRepository,tbl:risk_rules,UPDATE
repo:RiskRuleRepository,tbl:risk_rule_evaluations,INSERT
repo:RoleRepository,tbl:roles,SELECT
repo:RoleRepository,tbl:user_roles,SELECT
repo:RoleRepository,tbl:role_permissions,SELECT
repo:RoleRepository,tbl:roles,SELECT
repo:RoleRepository,tbl:user_roles,SELECT
repo:RoleRepository,tbl:role_permissions,SELECT
repo:RoleRepository,tbl:role_permissions,SELECT
repo:RoleRepository,tbl:roles,INSERT
repo:RoleRepository,tbl:roles,UPDATE
repo:RoleRepository,tbl:roles,UPDATE
repo:RoleRepository,tbl:roles,UPDATE
repo:RoleRepository,tbl:role_permissions,DELETE
repo:RoleRepository,tbl:role_permissions,INSERT
repo:SandboxRepository,tbl:sandbox_accounts,SELECT
repo:SandboxRepository,tbl:sandbox_simulations,SELECT
repo:SandboxRepository,tbl:sandbox_test_cards,SELECT
repo:SandboxRepository,tbl:sandbox_accounts,SELECT
repo:SandboxRepository,tbl:sandbox_accounts,SELECT
repo:SandboxRepository,tbl:sandbox_accounts,SELECT
repo:SandboxRepository,tbl:sandbox_accounts,INSERT
repo:SandboxRepository,tbl:sandbox_accounts,UPDATE
repo:SandboxRepository,tbl:sandbox_accounts,UPDATE
repo:SandboxRepository,tbl:sandbox_test_cards,SELECT
repo:SandboxRepository,tbl:sandbox_simulations,SELECT
repo:SandboxRepository,tbl:sandbox_simulations,SELECT
repo:SandboxRepository,tbl:sandbox_simulations,SELECT
repo:SandboxRepository,tbl:sandbox_simulations,INSERT
repo:SandboxRepository,tbl:sandbox_simulations,UPDATE
repo:SandboxRepository,tbl:sandbox_simulations,DELETE
repo:SearchRepository,tbl:merchants,SELECT
repo:SearchRepository,tbl:merchant_outlets,SELECT
repo:SearchRepository,tbl:users,SELECT
repo:SearchRepository,tbl:payment_devices,SELECT
repo:SearchRepository,tbl:settlements,SELECT
repo:SearchRepository,tbl:merchants,SELECT
repo:SearchRepository,tbl:transactions,SELECT
repo:SearchRepository,tbl:qr_codes,SELECT
repo:SearchRepository,tbl:merchant_onboarding_applications,SELECT
repo:PlatformConfigRepository,tbl:platform_config,SELECT
repo:PlatformConfigRepository,tbl:platform_config,SELECT
repo:PlatformConfigRepository,tbl:platform_config,UPDATE
repo:PlatformConfigRepository,tbl:platform_config,INSERT
repo:SettingsRepository,tbl:organization_settings,UPDATE
repo:SettingsRepository,tbl:branding_settings,UPDATE
repo:SettingsRepository,tbl:security_settings,UPDATE
repo:SettingsRepository,tbl:password_policy,UPDATE
repo:SettingsRepository,tbl:session_settings,UPDATE
repo:SettingsRepository,tbl:api_settings,UPDATE
repo:SettingsRepository,tbl:smtp_settings,UPDATE
repo:SettingsRepository,tbl:storage_settings,UPDATE
repo:SettingsRepository,tbl:notification_preferences,SELECT
repo:SettingsRepository,tbl:notification_preferences,INSERT
repo:SettingsRepository,tbl:feature_flags,SELECT
repo:SettingsRepository,tbl:feature_flags,SELECT
repo:SettingsRepository,tbl:feature_flags,SELECT
repo:SettingsRepository,tbl:feature_flags,SELECT
repo:SettingsRepository,tbl:feature_flags,INSERT
repo:SettingsRepository,tbl:feature_flags,UPDATE
repo:SettingsRepository,tbl:feature_flags,DELETE
repo:SettingsRepository,tbl:feature_flags,SELECT
repo:SettingsRepository,tbl:api_rate_limits,SELECT
repo:SettingsRepository,tbl:api_rate_limits,INSERT
repo:SettingsRepository,tbl:security_settings,UPDATE
repo:SettingsRepository,tbl:security_settings,UPDATE
repo:SettlementEngineRepository,tbl:settlement_calendar,SELECT
repo:SettlementEngineRepository,tbl:settlement_holds,INSERT
repo:SettlementEngineRepository,tbl:settlements,UPDATE
repo:SettlementEngineRepository,tbl:settlement_holds,UPDATE
repo:SettlementEngineRepository,tbl:settlements,UPDATE
repo:SettlementEngineRepository,tbl:settlement_reserves,INSERT
repo:SettlementEngineRepository,tbl:settlements,UPDATE
repo:SettlementEngineRepository,tbl:settlement_reserves,SELECT
repo:SettlementRepository,tbl:settlements,SELECT
repo:SettlementRepository,tbl:merchants,SELECT
repo:SettlementRepository,tbl:settlements,SELECT
repo:SettlementRepository,tbl:merchants,SELECT
repo:SettlementRepository,tbl:settlement_transactions,SQL
repo:SettlementRepository,tbl:settlement_transactions,SELECT
repo:SettlementRepository,tbl:transactions,SELECT
repo:SettlementRepository,tbl:settlement_status_history,SELECT
repo:SettlementRepository,tbl:settlement_reversals,SELECT
repo:SettlementRepository,tbl:settlement_fees,SELECT
repo:SettlementRepository,tbl:settlement_bank_transfers,SELECT
repo:SettlementRepository,tbl:settlement_notes,SELECT
repo:SettlementRepository,tbl:settlement_adjustments,SELECT
repo:SettlementRepository,tbl:settlement_batches,SELECT
repo:SettlementRepository,tbl:settlement_batches,SELECT
repo:SettlementRepository,tbl:settlements,INSERT
repo:SettlementRepository,tbl:settlement_status_history,INSERT
repo:SettlementRepository,tbl:transactions,SELECT
repo:SettlementRepository,tbl:settlement_transactions,INSERT
repo:SettlementRepository,tbl:settlement_fees,INSERT
repo:SettlementRepository,tbl:settlements,SELECT
repo:SettlementRepository,tbl:settlements,UPDATE
repo:SettlementRepository,tbl:settlement_status_history,INSERT
repo:SettlementRepository,tbl:settlements,SELECT
repo:SettlementRepository,tbl:settlement_reversals,INSERT
repo:SettlementRepository,tbl:settlements,SELECT
repo:SettlementRepository,tbl:settlement_batches,INSERT
repo:SettlementRepository,tbl:settlements,UPDATE
repo:SettlementRepository,tbl:settlements,SELECT
repo:SettlementRepository,tbl:merchants,SELECT
repo:SettlementRepository,tbl:settlement_exports,INSERT
repo:SmartCollectRepository,tbl:virtual_accounts,SELECT
repo:SmartCollectRepository,tbl:virtual_accounts,SELECT
repo:SmartCollectRepository,tbl:merchants,SELECT
repo:SmartCollectRepository,tbl:virtual_accounts,SELECT
repo:SmartCollectRepository,tbl:merchants,SELECT
repo:SmartCollectRepository,tbl:virtual_accounts,INSERT
repo:SmartCollectRepository,tbl:collections,SELECT
repo:SmartCollectRepository,tbl:collections,SELECT
repo:SmartCollectRepository,tbl:virtual_accounts,SELECT
repo:SmartCollectRepository,tbl:merchants,SELECT
repo:SmartCollectRepository,tbl:collections,SELECT
repo:SmartCollectRepository,tbl:virtual_accounts,SELECT
repo:SmartCollectRepository,tbl:collection_events,SELECT
repo:SmartCollectRepository,tbl:collections,UPDATE
repo:SmartCollectRepository,tbl:collection_events,INSERT
repo:SmartCollectRepository,tbl:virtual_accounts,SELECT
repo:SmartCollectRepository,tbl:collections,SELECT
repo:SubscriptionRepository,tbl:subscription_plans,SELECT
repo:SubscriptionRepository,tbl:merchants,SELECT
repo:SubscriptionRepository,tbl:subscription_plans,SELECT
repo:SubscriptionRepository,tbl:merchants,SELECT
repo:SubscriptionRepository,tbl:subscription_plans,SELECT
repo:SubscriptionRepository,tbl:merchants,SELECT
repo:SubscriptionRepository,tbl:subscription_plans,INSERT
repo:SubscriptionRepository,tbl:subscriptions,SELECT
repo:SubscriptionRepository,tbl:merchants,SELECT
repo:SubscriptionRepository,tbl:customers,SELECT
repo:SubscriptionRepository,tbl:subscription_plans,SELECT
repo:SubscriptionRepository,tbl:subscriptions,SELECT
repo:SubscriptionRepository,tbl:subscription_plans,SELECT
repo:SubscriptionRepository,tbl:merchants,SELECT
repo:SubscriptionRepository,tbl:customers,SELECT
repo:SubscriptionRepository,tbl:payment_links,SELECT
repo:SubscriptionRepository,tbl:subscriptions,SELECT
repo:SubscriptionRepository,tbl:merchants,SELECT
repo:SubscriptionRepository,tbl:subscription_plans,SELECT
repo:SubscriptionRepository,tbl:subscriptions,SELECT
repo:SubscriptionRepository,tbl:subscription_plans,SELECT
repo:SubscriptionRepository,tbl:merchants,SELECT
repo:SubscriptionRepository,tbl:customers,SELECT
repo:SubscriptionRepository,tbl:payment_links,SELECT
repo:SubscriptionRepository,tbl:subscriptions,SELECT
repo:SubscriptionRepository,tbl:subscription_invoices,SELECT
repo:SubscriptionRepository,tbl:subscriptions,INSERT
repo:SubscriptionRepository,tbl:subscriptions,UPDATE
repo:SubscriptionRepository,tbl:subscription_invoices,INSERT
repo:SubscriptionRepository,tbl:subscriptions,UPDATE
repo:SubscriptionRepository,tbl:merchants,SELECT
repo:SubscriptionRepository,tbl:customers,SELECT
repo:SubscriptionRepository,tbl:subscriptions,UPDATE
repo:SubscriptionRepository,tbl:subscription_plans,SELECT
repo:SubscriptionRepository,tbl:subscriptions,UPDATE
repo:SubscriptionRepository,tbl:subscriptions,UPDATE
repo:SubscriptionRepository,tbl:subscription_dunning_events,SELECT
repo:SubscriptionRepository,tbl:subscription_dunning_events,SELECT
repo:SubscriptionRepository,tbl:subscriptions,SELECT
repo:SubscriptionRepository,tbl:subscription_mandates,SELECT
repo:SubscriptionRepository,tbl:subscriptions,SELECT
repo:SubscriptionRepository,tbl:subscriptions,SELECT
repo:SubscriptionRepository,tbl:subscriptions,SELECT
repo:SupportRepository,tbl:merchants,SELECT
repo:SupportRepository,tbl:customers,SELECT
repo:SupportRepository,tbl:support_tickets,SELECT
repo:SupportRepository,tbl:support_tickets,SELECT
repo:SupportRepository,tbl:support_tickets,INSERT
repo:SupportRepository,tbl:support_tickets,UPDATE
repo:SupportRepository,tbl:support_tickets,UPDATE
repo:SupportRepository,tbl:support_tickets,UPDATE
repo:SupportRepository,tbl:support_tickets,UPDATE
repo:SupportRepository,tbl:support_tickets,UPDATE
repo:SupportRepository,tbl:support_tickets,UPDATE
repo:SupportRepository,tbl:support_ticket_notes,INSERT
repo:SupportRepository,tbl:support_ticket_attachments,INSERT
repo:SupportRepository,tbl:support_ticket_notes,SELECT
repo:SupportRepository,tbl:users,SELECT
repo:SupportRepository,tbl:support_ticket_attachments,SELECT
repo:SupportRepository,tbl:users,SELECT
repo:SupportRepository,tbl:support_ticket_activities,SELECT
repo:SupportRepository,tbl:users,SELECT
repo:SupportRepository,tbl:support_ticket_activities,INSERT
repo:SystemRepository,tbl:cache_configurations,SELECT
repo:SystemRepository,tbl:cache_configurations,UPDATE
repo:SystemRepository,tbl:backup_configurations,SELECT
repo:SystemRepository,tbl:backup_configurations,UPDATE
repo:SystemRepository,tbl:background_jobs,SELECT
repo:SystemRepository,tbl:background_jobs,SELECT
repo:SystemRepository,tbl:background_jobs,SELECT
repo:SystemRepository,tbl:api_usage_logs,SELECT
repo:TransactionRepository,tbl:transactions,SELECT
repo:TransactionRepository,tbl:merchants,SELECT
repo:TransactionRepository,tbl:transaction_statuses,SELECT
repo:TransactionRepository,tbl:payment_method_types,SELECT
repo:TransactionRepository,tbl:transaction_refunds,SELECT
repo:TransactionRepository,tbl:transaction_disputes,SELECT
repo:TransactionRepository,tbl:transactions,SELECT
repo:TransactionRepository,tbl:transaction_statuses,SELECT
repo:TransactionRepository,tbl:merchants,SELECT
repo:TransactionRepository,tbl:settlement_transactions,SELECT
repo:TransactionRepository,tbl:settlements,SELECT
repo:TransactionRepository,tbl:transaction_events,SELECT
repo:TransactionRepository,tbl:transaction_status_history,SELECT
repo:TransactionRepository,tbl:transaction_statuses,SELECT
repo:TransactionRepository,tbl:transaction_refunds,SELECT
repo:TransactionRepository,tbl:transaction_fees,SELECT
repo:TransactionRepository,tbl:transaction_notes,SELECT
repo:TransactionRepository,tbl:transaction_attachments,SELECT
repo:TransactionRepository,tbl:transaction_disputes,SELECT
repo:TransactionRepository,tbl:transactions,SELECT
repo:TransactionRepository,tbl:merchants,SELECT
repo:TransactionRepository,tbl:transaction_statuses,SELECT
repo:TransactionRepository,tbl:merchants,SELECT
repo:TransactionRepository,tbl:transactions,INSERT
repo:TransactionRepository,tbl:transaction_events,INSERT
repo:TransactionRepository,tbl:transaction_status_history,INSERT
repo:TransactionRepository,tbl:transaction_fees,INSERT
repo:TransactionRepository,tbl:transactions,SELECT
repo:TransactionRepository,tbl:transaction_statuses,UPDATE
repo:TransactionRepository,tbl:transactions,UPDATE
repo:TransactionRepository,tbl:transaction_status_history,INSERT
repo:TransactionRepository,tbl:transaction_events,INSERT
repo:TransactionRepository,tbl:transactions,SELECT
repo:TransactionRepository,tbl:transaction_refunds,INSERT
repo:TransactionRepository,tbl:transaction_events,INSERT
repo:TransactionRepository,tbl:transactions,SELECT
repo:TransactionRepository,tbl:transaction_disputes,INSERT
repo:TransactionRepository,tbl:transaction_events,INSERT
repo:TransactionRepository,tbl:transactions,SELECT
repo:TransactionRepository,tbl:transaction_statuses,SELECT
repo:TransactionRepository,tbl:merchants,SELECT
repo:TransactionRepository,tbl:transaction_exports,INSERT
repo:UserAdminRepository,tbl:users,SELECT
repo:UserAdminRepository,tbl:users,SELECT
repo:UserAdminRepository,tbl:user_roles,SELECT
repo:UserAdminRepository,tbl:roles,SELECT
repo:UserAdminRepository,tbl:users,SELECT
repo:UserAdminRepository,tbl:user_roles,SELECT
repo:UserAdminRepository,tbl:roles,SELECT
repo:UserAdminRepository,tbl:users,INSERT
repo:UserAdminRepository,tbl:users,UPDATE
repo:UserAdminRepository,tbl:users,UPDATE
repo:UserAdminRepository,tbl:users,UPDATE
repo:UserAdminRepository,tbl:users,UPDATE
repo:UserAdminRepository,tbl:user_roles,DELETE
repo:UserAdminRepository,tbl:user_roles,INSERT
repo:UserAdminRepository,tbl:user_roles,SELECT
repo:UserAdminRepository,tbl:user_activity_logs,SELECT
repo:UserAdminRepository,tbl:login_history,SELECT
repo:UserAdminRepository,tbl:user_activity_logs,INSERT
repo:WebhooksRepository,tbl:merchant_webhooks,SELECT
repo:WebhooksRepository,tbl:merchants,SELECT
repo:WebhooksRepository,tbl:webhook_delivery_queue,SELECT
repo:WebhooksRepository,tbl:merchants,SELECT
repo:WebhooksRepository,tbl:merchant_webhooks,SELECT
repo:WebhooksRepository,tbl:merchants,SELECT
repo:WebhooksRepository,tbl:merchant_webhooks,SELECT
repo:WebhooksRepository,tbl:merchants,SELECT
repo:WebhooksRepository,tbl:merchant_webhooks,SELECT
repo:WebhooksRepository,tbl:merchants,SELECT
repo:WebhooksRepository,tbl:merchant_webhooks,INSERT
repo:WebhooksRepository,tbl:merchant_webhooks,UPDATE
repo:WebhooksRepository,tbl:merchant_webhooks,UPDATE
repo:WebhooksRepository,tbl:webhook_event_subscriptions,SELECT
repo:WebhooksRepository,tbl:webhook_event_subscriptions,INSERT
repo:WebhooksRepository,tbl:webhook_event_subscriptions,UPDATE
repo:WebhooksRepository,tbl:webhook_event_subscriptions,DELETE
repo:WebhooksRepository,tbl:webhook_delivery_queue,SELECT
repo:WebhooksRepository,tbl:merchants,SELECT
repo:WebhooksRepository,tbl:webhook_delivery_queue,SELECT
repo:WebhooksRepository,tbl:merchant_webhooks,SELECT
repo:WebhooksRepository,tbl:merchants,SELECT
repo:WebhooksRepository,tbl:webhook_delivery_queue,SELECT
repo:WebhooksRepository,tbl:merchants,SELECT
repo:WebhooksRepository,tbl:webhook_delivery_queue,UPDATE
repo:WebhooksRepository,tbl:webhook_replay_history,SELECT
repo:WebhooksRepository,tbl:webhook_replay_history,INSERT
repo:WebhooksRepository,tbl:webhook_replay_history,UPDATE
repo:PermissionRepository,tbl:roles,SELECT
repo:PermissionRepository,tbl:user_roles,SELECT
repo:PermissionRepository,tbl:permissions,SELECT
repo:PermissionRepository,tbl:role_permissions,SELECT
repo:PermissionRepository,tbl:user_roles,SELECT
repo:PermissionRepository,tbl:roles,SELECT
repo:PermissionRepository,tbl:user_roles,SELECT
repo:PermissionRepository,tbl:permissions,SELECT
repo:PermissionRepository,tbl:merchant_role_permissions,SELECT
repo:PermissionRepository,tbl:merchant_roles,SELECT
repo:ExportRegistryRepository,tbl:export_file_registry,INSERT
repo:ExportRegistryRepository,tbl:export_file_registry,SELECT